annual_income,debt_to_income,credit_score,credit_utilization,late_payments_12m,loan_amount,employment_years,default
66094.34159508863,0.29576588241757895,670.256360823628,0.4450233454076805,2,9230.076817544033,0.4669477927348931,1
39200.317875190085,0.2700946746655476,721.6174721780944,0.38933140755065443,1,17570.420450867423,6.505058166220906,1
75009.02391612914,0.40208117881401284,671.86570052295,0.5728087252148462,0,28498.330611269743,4.867657076005941,1
78811.29432782427,0.3802225298354006,829.1065333131539,0.5213466354823453,1,16761.285771702496,2.1391237736163418,0
20979.296226923274,0.1814250142867607,764.3829961976335,0.0,1,21308.937176917723,12.996719934464345,0
33956.40986275364,0.4847213905476486,625.3977788226388,0.5090484408856915,1,19852.902912145295,7.2179083206625965,1
62556.80806334571,0.33869665095789997,624.5578052954345,0.19930411809918325,1,17149.34760855491,10.178226667692831,0
53675.14815312836,0.21668826857411352,687.5757375588282,0.11565425171026023,3,16305.351024073225,5.954391879217487,1
59663.97684991422,0.4926540937224648,582.9584655659452,0.3623053179252873,1,18831.208913849103,10.089800788606924,1
42939.1214485284,0.42508106859153844,743.3030645225989,0.48219422180600235,0,20342.97782532929,7.108367140914512,0
77587.95949725657,0.19825496096625028,678.9280417474866,0.07185307794263512,2,5534.851600642489,14.427794062656796,0
75555.83870857896,0.563261940830927,670.5167128686826,0.5409152834115103,1,16731.120223675185,2.9585276200121036,0
61320.613951224324,0.42905568420394313,704.9562934216654,0.55266776950632,1,13711.45483476878,6.392821079231607,0
82544.82413936066,0.34877646612499447,787.8263906695247,0.40939523925989957,1,12259.31209443804,13.095615789494293,0
69350.18684504091,0.5408262566746135,663.6764281750004,0.2264752739545903,0,24071.75065320001,7.731163968362274,1
42814.15074233523,0.36911573405955683,640.9567703302893,0.20412439916214162,1,9867.976263553026,7.712244050422651,1
67375.01568164998,0.34663003098751616,770.6975698658063,0.6051864263160456,2,5236.616577829987,0.2163530946617564,0
40822.347983420026,0.2707639860773613,727.4040332792908,0.09775546270081903,0,20570.013577700982,10.336762689226902,0
77569.00602614545,0.4198220527168494,624.3216127693022,0.6128940921638357,3,5057.243004122776,2.202893447872,1
59001.481780274946,0.40719235607887755,650.4149158927216,0.3669601681739127,3,1504.3984542900544,8.28705591179325,1
56302.75272909479,0.3517616167867653,665.6304732751039,0.3808331000714286,0,21357.87382992976,9.573568077668286,0
46381.40911192117,0.25520163753588765,678.9450355683987,0.05838245891733501,4,16111.055753937417,0.603256054428309,1
84450.8267734806,0.36559158249992885,541.4720119248709,0.3706566739742827,0,18309.03739158143,14.244512220866346,1
56909.41035862396,0.34162414570854344,526.6012313758752,0.5227171032022753,0,11903.006976542645,1.8197385120066647,1
51433.44355673785,0.18998308175189585,579.0087982398037,0.1327179824296038,1,5309.1570787368655,4.714574322317687,0
52957.32899023541,0.1733825178410977,572.8209245590926,0.4997271734503691,1,6699.489504676327,1.8558416676308251,1
70646.18371106697,0.4178184054571723,598.4940788821998,0.4178024507358046,3,13094.677703981013,0.050888107661331866,1
67308.88128728156,0.03777340219379732,700.7768513672004,0.27124887723353863,1,6093.1799945737075,2.9596628485136236,0
68254.65223191977,0.3746492632353512,636.485667494021,0.5709346172982609,2,17149.37034931957,0.2136548510214244,1
68616.42006015766,0.29263003306954105,665.711568400815,0.0,0,11762.794433759067,2.481440689728906,0
102832.95201740923,0.5069895928255892,552.055727196619,0.4693361497487418,5,16295.252331557138,1.9126382165410736,1
51871.69967230769,0.2907838149015349,613.0686237663244,0.7238870316146585,1,16086.036897585016,8.312761726410242,1
49755.14541856926,0.4291381057102275,696.9806129395872,0.6879886278201324,1,17707.596880971687,4.090066825213246,1
43724.54543504245,0.302370339051465,697.5961966541441,0.4779613441077045,2,18496.37769102299,1.0343243774520154,0
72319.58845150992,0.3636497784183372,592.0340937449673,0.3396638447738308,1,12592.695864545283,1.6819266947516711,1
82579.44585441783,0.43842038371040615,662.9329909103643,0.2728394886904738,2,16287.784866436812,5.889197550709284,1
57721.0508469025,0.2944933140410504,825.9078282785865,0.3394148412188716,1,16652.05689894122,0.7087374500522077,0
43196.870460749444,0.46958658613980847,648.592165659549,0.5087614495835813,1,1000.0,1.4155363473779479,1
43510.375686175204,0.230756254747222,594.5450443086044,0.23855123890811678,0,19525.68022101643,0.17464518746242785,1
73011.85575649403,0.38535114110700547,636.0990088510272,0.5514847636100763,0,16049.595373541759,4.079685105482019,1
74865.08342406884,0.4607167667345423,657.3741686021466,0.8266321036006649,2,18948.342056704994,5.434087482645735,1
70863.0853661039,0.42920449901484015,637.906529544756,0.387623352974521,0,5992.094831869163,0.37834759055527833,0
46689.80585422611,0.5799733852082491,647.4916239458798,0.13112103934333896,3,12789.587773863246,2.8498272734220427,1
64643.226461334394,0.2583872819227207,534.5242562450528,0.13105105073671747,1,7359.293804040937,30.46964480376218,0
62333.71618281456,0.18450208983816943,572.9895619931239,0.5553131103423151,1,20212.20963349013,0.8263413698442662,1
64373.77193458026,0.23067978698058567,638.0531810342802,0.3880507642079113,0,5164.184205520542,18.268082699912664,0
77428.5755589638,0.4292531079858124,636.778562398205,0.5753661792128106,1,8499.416526543755,6.233620556921675,0
64471.91097549364,0.4097507521123254,604.7048580111999,0.2932731501681301,1,18740.19889790387,0.8386438313439892,0
73578.2712614379,0.3622707991576899,635.838913113885,0.5661247095079663,2,10594.378274059265,2.381830358732484,0
61351.58138977783,0.2152451541071444,654.8811884331365,0.3683401653100549,2,8501.26540247659,8.496689383227993,1
65782.38797379969,0.4420240751994873,721.153076521962,0.2534991889352102,2,21347.03600678128,1.1489379618619981,1
72625.76451677081,0.20303542668193514,642.0630611819159,0.3198003042395231,0,21633.982296143076,1.1097699948621473,0
30856.88360288667,0.48907394988522795,681.9282564238603,0.1605891289153527,1,20054.49834778699,2.128201645488864,1
53606.57567285397,0.6928926107767838,606.6719758852863,0.7978719117163223,3,20940.967717582054,1.7642064966356552,1
50592.54691414409,0.393974137588586,695.7676578878786,0.3807236372883026,1,13378.945047433604,1.7455785753871154,1
47222.44303513316,0.41997297627892916,680.0584238089886,0.5289028177364392,1,13567.849177543692,15.137674552339726,0
54497.15497546633,0.29085682773253285,719.2653602543855,0.2926261734258402,2,10463.431050264782,8.378395068238385,1
89898.82622468792,0.13277440146958203,707.076836995559,0.18961443560403538,3,16174.104174011842,1.5070695432944416,0
42683.377686135136,0.2776736764363733,697.0988498304916,0.353223897816413,0,11304.711708719064,5.911277631358418,1
79365.56709182961,0.21885257106815006,642.1266073073775,0.6202385066758398,1,11968.536558511161,6.475778677961285,0
26342.604567683906,0.1763594508301981,669.5951381635574,0.2958536417203433,1,19199.3030378803,1.9166201166047832,0
53302.2994002845,0.5566831930394779,735.0807142761221,0.22589360545411694,2,23291.77471860066,27.30921283904039,1
63255.06130210011,0.3827435021630927,597.8340344477765,0.4310928488738287,1,17787.821779890663,2.3628025360884255,1
71724.44662718556,0.395562509673678,599.7273777042508,0.49980452014354887,0,27560.211056697975,2.300710810977598,0
74224.5315958571,0.31291731617645,664.514511836029,0.7285696337706367,2,10061.390995770762,3.214899520491734,0
75866.94470399851,0.32925547010678763,683.2223752212362,0.470750095674499,2,2134.1775255351895,6.57171099329261,1
53025.49855503125,0.46574608186871996,584.0714800588796,0.528798535706247,0,20002.39522712688,27.60297489929284,1
50752.964146708655,0.3461195457565741,644.0189949269353,0.5438550473840643,0,9597.16513147288,4.103880799152186,1
77159.51762514308,0.4136832725629679,642.4800980616972,0.16939692361347394,0,13084.154307572455,1.7395133054698728,0
56173.9135023677,0.3264794842585981,472.77759075172236,0.20733358590609116,3,2611.4244291521336,1.7810361730195052,1
34486.27353324156,0.3089416531121543,632.4324808592992,0.18322074207886996,2,8705.528268579215,3.5616222936477198,1
37334.255719930385,0.18117030012777655,637.4145733721227,0.13357084886167087,0,4484.408083945347,0.7391148671066625,0
41610.95427996777,0.11267011251594461,637.1765645741584,0.5590919749740808,1,11959.877156057875,2.377882096620266,1
69943.21488107528,0.31861257187203174,763.2731419661815,0.4580100183327511,0,12238.13954281935,3.450064084805933,0
62848.5147214113,0.3567796030391879,552.73613611929,0.41589921261828994,2,15629.722880837462,19.70954993451814,1
73809.70708135536,0.19566439559494508,584.030194303631,0.0,2,23678.060750486227,32.18617375165822,0
51454.947073269315,0.34586301619584403,441.0243361344533,0.8110953717237237,1,19738.34385428473,11.234546051906305,1
63170.79382153429,0.3564503075588602,611.5266667060688,0.2211455991692889,0,3644.812546526633,5.209884662792228,0
72511.80787934673,0.09127903927287451,618.34851566992,0.8103625511877915,1,19256.108049289996,10.53997159604215,1
53813.06920559523,0.24018504086245984,609.2018258932595,0.11015170386973677,0,15782.282882090218,0.31817105632423653,0
69135.50475114823,0.3988716672482562,738.6141871587008,0.23751976828869262,1,14315.214975747314,0.9372028247583181,0
46761.481178666974,0.39644704752748927,718.8494017869571,0.0,3,14841.10329043942,0.7845502379032023,1
52738.92306869857,0.2115590100320287,656.2285379413843,0.47242499518853953,1,16431.866996603785,3.467167442953981,0
52365.24212003342,0.36901376605996816,620.350955716811,0.17974863583775355,1,10156.792462905043,2.722712296898691,0
36083.207088219206,0.47268886704325663,732.0951734485491,0.18539996918032917,1,13723.543997327513,2.328632136715353,1
69739.44961571164,0.44324875507890776,648.4193712131319,0.12549715656512056,2,23287.573867242838,1.212938193273544,1
50611.95319594552,0.3385657055583278,584.5383968865234,0.5554710125475726,1,10072.659509021265,4.764846918221561,1
60249.88237455375,0.2938428424010849,512.7001058012358,0.5422927303135094,1,7790.784166774332,0.6363765887256227,1
69614.93317811818,0.2744786618798595,614.6948404883453,0.7624067782157571,2,14568.048564883044,0.15748690640167162,1
68930.62352059888,0.4061383739491588,710.3714893738087,0.26285867578540534,1,7086.034802705567,1.9296585835226847,0
73307.70217945572,0.37341247677714656,832.1230951634471,0.4437638742093601,3,2940.5181498196307,1.3466612702169738,1
58030.29030981153,0.425528480732264,654.928827695158,0.14213296051960972,0,12588.729760476286,2.2752631135392614,0
51534.03375911692,0.3658248575745382,588.7715587903757,0.3329921954529364,4,25140.353191947463,1.3573192967148484,1
58405.63578187202,0.44825167404169297,555.2027833372629,0.2962309373437645,3,14729.771328861749,2.4266264830617033,1
26253.311320839406,0.361351103954924,694.1563917044479,0.4928899914990842,2,16250.039661137494,12.912513767400345,1
31057.750551538255,0.44416264593580235,508.83071580925855,0.6034043612836383,0,1000.0,0.7492676945169792,1
33546.00775291195,0.45449873244399663,694.027608112391,0.5982133381663,3,18066.87844708663,1.3054818756972808,1
40055.063447970366,0.25345680437302237,715.416928501033,0.23143754555647786,0,15653.561029168544,2.6411633425605894,1
67995.48453446873,0.13302271437551047,684.9023562586291,0.5996935809245999,0,10345.596203724519,31.860011483336123,0
41890.418892798785,0.5352191427217463,632.4270662449154,0.3911829725784406,3,16260.353299816617,0.01817278849004671,0
52436.74891921221,0.3807990476854714,695.1952522837452,0.33508062082059703,2,16190.851320105721,2.1324940597014437,1
85984.56595572131,0.1442616925404654,663.675069690264,0.2582977026362163,2,7583.584501494452,7.917969181859023,0
52874.72057877148,0.26434166033375467,587.7500926511526,0.2880128411276896,0,17322.976087459367,4.642991215325807,0
74750.31136934173,0.4426249150843794,798.032985790002,0.7484627692392467,4,23379.947957690085,3.077253174296182,1
41327.646399802456,0.3164387802640528,621.8656496311587,0.4614821532988047,2,13404.409671685384,0.7641938023293798,1
55891.2488426474,0.28855262968170475,712.0601840359927,0.434922369500241,1,8926.840582940245,0.34309887515554033,1
40999.558901788376,0.5181058232375559,456.51085738434284,0.3475506282926107,1,13756.939511387902,11.995170979845092,1
53219.33848198875,0.22432554243394273,752.1176706224743,0.8891957222876057,1,20982.292365451,6.206141692708949,1
76806.16274914792,0.25422159706941994,767.5010995723666,0.661002097769285,1,6415.7681249190955,0.8880491292020433,0
25453.591536153028,0.37536637700579206,652.3867029701311,0.25578757704024147,0,19049.907811489265,2.229234466533706,1
68688.47287091715,0.3968545918464659,694.7016827790206,0.34527698905907517,2,10253.898790356634,8.680134341749353,0
64754.71204664556,0.4095611641208878,694.681214528605,0.35715109132581796,0,16694.441569658164,5.0501490313530395,0
48117.00088606411,0.4593485653482736,598.577314428742,0.42917439565651994,1,11049.681074681055,6.663683292844239,1
31078.84291223091,0.373829434481782,693.7697844351472,0.259754801473713,0,11030.881314429073,4.639606411062234,1
61442.59015427739,0.4087260726726091,585.3095624101956,0.48776330467233936,4,25661.664413645332,3.4611598073094636,1
49410.14581872395,0.31889488888219,601.2994461083739,0.690417626407863,3,5136.393866265558,0.340595845166078,1
64653.52422709408,0.3575237963884057,740.1554514569839,0.13727437819916738,1,18397.56324281881,0.38561897087807656,0
60437.04291046886,0.3629041016064361,727.9726152560162,0.1743706525815866,1,27119.27087644901,13.373051335830855,0
92035.5778264183,0.37581177629828433,593.4899598307366,0.30336828894053863,1,19798.65348530976,7.900069042426203,1
55212.887450539514,0.44270477690993126,591.3138925199167,0.3126408879784341,2,5682.320866725726,0.36932906262900245,1
39530.0501475627,0.4166174818333797,598.3522718033862,0.7996931749491862,0,6028.936437592161,6.043540047078087,1
63585.512699126324,0.35530604034802193,708.6111653172393,0.6003418440029678,0,9738.622363475191,2.329125217853793,1
64399.9336794353,0.2529048818070752,570.0012175351683,0.5888644704236529,2,16105.355380639123,0.81685674768969,1
87183.75150480872,0.3581205509675251,678.5370111228762,0.3471268612973199,1,16581.598858623365,1.5828484351744572,1
76702.22491829157,0.3466378658125107,709.7477448507435,0.3427373186426372,0,6098.1241199021515,11.477146810277379,0
67137.42118299019,0.3731817895775838,642.940363976552,0.10965891724692028,3,8890.697790871232,5.6240416082186435,1
89266.05782439123,0.6147830368568482,730.8050957491942,0.5563480456095635,1,9319.622591139858,0.036275528384650535,1
36224.738913542984,0.28714726657505174,625.6551864408166,0.4982109209617571,2,13734.77234319575,6.411597334935211,0
47204.96934500505,0.4006746822950431,632.8915519204868,0.6571994729356567,3,28892.868201037523,0.018475689399806434,1
41468.48117188951,0.47821544806931576,571.8203015094515,0.35783405732876655,1,8467.690540635867,11.090446489362218,0
52203.80393688464,0.36176022969192595,731.3741878096164,0.3716441707599206,2,8161.295168049483,4.8772439145500375,0
32466.277048873824,0.6305414143006598,588.6783642416904,0.43400910571212714,0,7068.01793399309,5.117515134832701,1
72703.01893628809,0.30463528499222275,677.9817454172047,0.5783795151014192,1,19448.811998695623,0.08250278738894141,1
55555.546058024534,0.38889070667840564,644.2947146299252,0.1059568755805042,2,14710.608825514286,0.35628036723441847,1
30583.874109946843,0.2541433106128421,565.777354951067,0.547211226747675,1,8726.414162810292,3.6029764164925355,1
39688.41837584917,0.3078170317828048,601.2717484941344,0.3959008875654339,2,12460.430913551676,1.732988644613194,1
66270.2769490039,0.3798720692475989,760.6297791232587,0.18827254640926072,1,9459.427893296091,3.5066675072829274,1
76762.53135788762,0.45155648747692756,666.1326034107584,0.0,2,17071.238968324717,2.8650277257358185,0
99934.61783383573,0.3882913800828289,569.2679726906526,0.3727052576243293,1,33790.63624757435,8.983004968628087,0
118277.2493201466,0.5010937819201683,674.4262629878954,0.6895425966548141,1,18856.050839845655,0.7251356762100746,1
68288.18866551993,0.3386041627288794,638.3108774724363,0.734936933348279,1,14349.080394248454,2.2681917190826204,0
40209.23759936272,0.31013977641931934,850.0,0.4710752421340193,2,10345.171587584331,1.9674360833971924,0
17359.074385373817,0.6744782128735263,672.8099073073818,0.7924011327684496,4,5596.199426806052,10.33029662102079,1
65354.22924687672,0.39730851793304367,619.5500122346908,0.39141178340865107,1,20135.82811982125,4.7823619271187905,1
43741.17809379348,0.26366221448257426,763.6022334229683,0.5906607103285563,0,19755.47924856424,1.3039254679701004,1
51692.85479640629,0.2666883485302317,502.7171066165723,0.30975382221871456,2,11737.293023164357,2.3190929360165375,1
47758.06401880384,0.23687841025623912,657.5456125104878,0.2970802321431703,0,23493.33788059833,1.3427732176283365,0
57184.182271672296,0.4623883227028145,809.5542795744858,0.26449817662387276,1,15147.748572195595,2.8069439106164196,0
81319.60461575288,0.30627472485281093,640.7040572512196,0.0,0,20423.325147765947,3.324949310330193,0
63140.971348906896,0.3652834970787783,511.3359164281537,0.6574184519893824,0,17073.379014231083,5.894635999859319,1
56827.30325922623,0.34237895906740773,618.3265628471522,0.27167351217239677,0,13760.048840856532,3.5052163996177605,0
39286.92494348377,0.4377790889529121,766.361443276723,0.23971224404896074,2,8315.807720847592,12.225395169283775,1
26506.341105912863,0.24839070885391756,680.0855677056617,0.1640056636774649,2,13981.243853461301,4.348332623351662,1
50273.84181853339,0.22093132566283813,582.8915112389985,0.3591281126927434,2,20894.35468226393,1.102129150907151,0
58924.348983633594,0.3769156768617913,595.1805754256781,0.7526984621119486,3,11443.054216704011,5.4981861595201185,1
95358.59827159766,0.4221151141639876,605.2239783080149,0.8187557701645436,0,18078.18976922225,4.336707130131908,1
62605.49042945771,0.38990387757171685,678.8958307243197,0.06782662483958335,2,7420.848825831977,0.6128244460763671,1
79654.79022046115,0.25286555250832066,757.0556906350922,0.3291104008047435,1,20460.408352912506,0.2642891050821615,0
50014.08802921696,0.43129818105096723,734.1938410239337,0.1931284459812603,0,17190.589355429733,1.159358695121338,0
36301.124671659505,0.26073668874852385,686.4809745687303,0.597667548242304,1,6585.2246881444935,2.396486041471281,1
40697.66475535256,0.287415362625634,543.4684191954013,0.4573187094587854,1,13431.898335348715,0.5084211881261316,1
45495.47870928494,0.23672557703335972,543.7653988805247,0.272686134524033,2,21520.086365228588,0.3668340894259494,1
102569.39464870328,0.5061390018382437,692.6601616971011,0.41451461611820384,4,6186.772215427431,3.8226252374323657,1
43572.26641551228,0.42601058492328187,542.3623121653684,0.3045162757184583,2,7503.34832962546,0.5600482799159514,1
76769.7840747269,0.42259920508146476,631.9546383145116,0.7228492188749793,0,14513.521316494547,15.287340894145938,1
41941.45643825947,0.49966537053709403,674.3320356948941,0.5093919030032077,1,29933.31511302536,3.9049917939133434,1
78631.46025748488,0.6875179097886468,558.9924803709849,0.5339646841832877,1,10291.953411723513,0.8841262032645881,0
67699.01932211727,0.14489286753078132,568.0590132512909,0.0,1,18466.91799709847,19.356542183563327,0
56867.24204683819,0.261394810294747,642.4703148345745,0.38664226423423786,2,16820.947853209458,4.24993486236218,1
59184.74947729132,0.27605898989905714,690.2920230019243,0.8166421918118069,1,10873.360698141194,11.261325952946283,0
46904.24609141219,0.24790164531407682,734.9215016331005,0.6652258140073368,2,16127.933462494126,3.487194034595623,1
68921.44402964161,0.22069001028755447,698.5642747816441,0.030582082815939382,2,11865.157365335313,2.987833303637228,0
50900.3303931844,0.31404163231335613,655.8925275993755,0.33731483346328117,3,12495.366469184419,14.485633451496101,1
35487.884724655036,0.2040075541652714,590.3044197154361,0.15969610681625573,1,3371.096680588067,6.350062740005438,0
34441.248513607614,0.39020508410448956,564.3274403324385,0.7422203120725741,0,14828.946355935748,4.408454198692013,1
63451.75835444239,0.35620379857143375,609.1298329336682,0.4488556564551817,0,21293.654546357855,2.793304207738797,1
91581.8251282087,0.4077234397716386,682.7948467984454,0.2464408880537128,2,15401.980423457799,3.9649950186230685,0
63199.83227146877,0.4109274141965903,676.9298965301874,0.40683158870815783,0,22633.55432575701,5.746873560838038,1
57627.23347780235,0.42236082241120115,482.0078411419902,0.0,1,19062.29212161512,5.326078117443683,1
65716.52279205086,0.3051909275811341,587.1458377385998,0.1830077393086847,0,14583.21085568846,3.0962546761642855,1
86120.03483413649,0.6045372083160401,746.3606041284925,0.4072887451652619,0,10604.52112895227,1.5244343654188217,1
64387.65002727713,0.3781317339778517,656.3372038243311,0.5691350736906645,2,11596.153992470172,1.155525675027605,1
51781.45538332526,0.1265018296850246,536.6392869517612,0.011737175880531858,0,4706.426682440151,1.7962814896060912,0
82125.77420119778,0.22971491050805387,838.4656945278521,0.32376893845951416,2,13130.447769311717,1.412160546566574,0
68575.12876923227,0.1411396413166621,647.6846614148188,0.6019371477037644,0,16021.991309949075,0.013950957569463544,0
90715.11983991985,0.35208015549815685,680.7467167450726,0.10970933512534559,3,27007.947684594634,4.329017751308792,0
63664.68874443812,0.33538337311359995,681.9619804836108,0.44583656695683466,1,18698.242262952135,6.570550976323456,0
35510.61936559,0.29378891625206505,620.5923627071851,0.41319490062120073,0,8946.022139034161,11.973441886822886,1
32636.8160150867,0.5913111334880616,591.7941054542885,0.7428760640713206,1,4924.422071368359,20.60409030998318,1
93018.558644625,0.41587794488922925,819.7339988052752,0.3539727613776725,2,13554.135389567991,7.70250445023848,0
94473.31441566594,0.4371318033735601,730.25646956942,0.365679880324986,1,20682.351127794245,3.045737110736405,0
56409.615734347986,0.2382711814469476,715.7549760886941,0.5709919506329377,1,13455.685643139284,1.9409390545572311,1
52336.253577280244,0.23010261304027851,696.1031353374568,0.13473026639013108,1,18793.88922503917,5.489512038256274,1
89228.88584484404,0.35441665989163457,569.7346087710653,0.3558233586898283,1,13732.121855234682,9.74755074155383,0
37859.08635913024,0.3707608567582671,752.202415339222,0.3088549978318979,0,20019.003043009194,3.036283154635892,1
42105.45962088347,0.12724261194626516,582.5493873590601,0.37221763745897996,0,3819.1938410603725,2.0568322187735277,0
72866.53589378089,0.32836315725805587,672.6629438520516,0.5696812897925676,1,26229.274841022703,8.704902505128363,1
52107.897542808205,0.3516886499448206,518.8488075628345,0.5108322970164346,1,7212.615862434025,0.14918966875876688,1
59897.562665598576,0.3241821001074645,486.7312919481984,0.25026353829426473,1,20556.12630810844,8.374469606304656,1
56731.14202950975,0.25239315051839883,675.4632962122491,0.4273398406654425,0,13094.712037317315,0.9098289599510574,0
66751.49097597867,0.2852557781694632,585.2720586244074,0.6980883228201049,1,14189.204697431696,0.5747545950968023,1
88149.63722627434,0.3287768967712644,490.8665942962182,0.23372686024053896,2,13312.286658208963,4.550529185058533,1
61811.69813803491,0.3608960028332057,693.248760235766,0.4290333560794025,0,16789.232095360454,10.709613411664975,1
72878.77586553716,0.4225749899060681,819.6064616840631,0.3613678646122743,1,18202.671802966266,2.938931590800686,1
18996.557979379548,0.47970274459410456,761.1648206864049,0.3873989968326446,0,22408.53058276148,4.599829471248672,1
59025.63196139764,0.31467827317673003,629.4145691787462,0.07386847555011988,1,24855.642178181646,13.990931097037425,0
43135.39459414258,0.29526125646615703,650.7076245357557,0.682152570862441,1,17322.750827436917,1.105810534169946,1
35623.738791527445,0.40251868082411674,721.0165005427131,0.24512961982236336,0,26995.71967417813,4.144433505980581,0
42436.952661424984,0.4233013899693025,739.7702415867925,0.6052143940307066,2,15650.807799757345,7.498021099847593,1
53317.53118598376,0.2978959480089337,622.5171424939441,0.2757246783904978,1,22542.082535770467,7.03567847710514,1
78318.05084712026,0.4448472172359407,652.734217257966,0.274899069620848,3,18001.037710343033,5.185453216577056,1
33472.145645208715,0.4675502409387167,674.049184541163,0.6426246500930934,2,11155.56758002244,1.1846139979143733,1
60612.62985188835,0.5050023758790407,694.3101056223065,0.5987769206955849,0,16268.639080658906,2.1783218710628534,1
50316.61133332843,0.5633985088063787,639.3538846390986,0.4417331797927966,3,18522.203142563874,0.3868681847762788,1
53446.53811276078,0.2460300633608673,640.3931803945004,0.552230109961264,1,14774.613080181749,6.545210683006323,0
80055.15650609208,0.3516677851199013,760.386586380351,0.34228944394872,3,17889.995625982894,0.5710954776644059,1
70762.30874007852,0.3513533235942392,746.7616561954309,0.39832647445622205,0,21057.54071528826,0.04754187793260541,0
86747.96214885487,0.33823117177609907,688.1928458748871,0.26767512150723616,1,14836.38800602875,1.4101062221933693,0
56909.886415001994,0.27208844964678364,787.5287256018343,0.580812989860052,0,1000.0,3.0395628381778623,0
46081.14776658594,0.1717325596122714,619.0843390218866,0.26131733376652955,2,26747.891060453596,1.0961431021557984,0
55522.82366239001,0.3611215335234804,779.8378758903505,0.6970312689875706,0,12916.8599884577,5.528662792703293,0
64849.93582542443,0.25779732085425044,693.4012354828441,0.33683316633603516,0,9237.038454173915,1.7620910577273496,1
63531.46716907422,0.360319217689715,850.0,0.4041017128032669,2,7131.227930430276,2.886467307979468,0
38312.23855533267,0.2547147749961376,554.6014458574018,0.5517456041308669,1,12644.878683664487,6.589636727646097,1
61809.795632557485,0.218040998498679,594.8523798226126,0.4047728842379164,0,11060.765180781125,2.380140763003581,0
64564.566602778104,0.3781158032452277,683.5038262560438,0.34041833714293795,0,9840.933752807163,3.476861951576341,1
110349.4807506784,0.3681105832167795,681.7787242383193,0.3939953104383057,1,10225.116111087988,1.6779036966710945,0
97536.8922256334,0.41951383655851193,806.0111187340015,0.5787636707115168,1,18708.199768418755,3.364675285890682,0
42935.1329888236,0.612303651970115,596.5300253360373,0.2674295555726589,1,29212.54408702171,0.907643442371643,1
54252.33276901648,0.38327474374530157,722.3934814955107,0.37475259854534704,0,20744.00118610431,0.6086545324205874,0
30731.15996325994,0.4082098120476955,742.9970403745597,0.4020573454674951,0,22858.187293281993,16.819395075599697,0
48185.85972073027,0.22069264053592094,706.3718265776517,0.5729170391055313,1,12358.129779872826,5.665566289309786,1
66312.10007180681,0.19557110713563505,573.1202926460544,0.3800309252257127,0,15732.657558854045,5.8504935465275585,0
84117.07241776466,0.5399395336128,762.6207044203359,0.7616598188987445,2,17985.376829612007,1.8654279119133088,1
45418.32324512783,0.23918242640800352,748.3459945052331,0.368692284456981,0,10383.09474450061,2.1195616356115647,1
46917.07119864407,0.22472671142376294,697.9667615832302,0.35246327231894403,0,12019.88950615618,6.149979351415985,1
17054.219405226904,0.3453081294540136,666.3478149767163,0.36579357567645365,0,20981.863708331537,7.518422037289262,1
56746.68158910185,0.33917691039471337,668.0886408035497,0.13667171426839797,1,22632.049285700763,0.36706092657445977,1
38751.71176280874,0.24169921922680498,643.7011366208498,0.19265463064826302,2,15471.871886606807,0.8970787492725453,1
49411.21145267852,0.313403213754428,701.2628107402113,0.2938666220521814,4,6633.899734548917,1.298862188415188,1
42462.78443664823,0.4975250861180125,652.4907882355982,0.627165969770026,0,12930.856117476393,5.300561266383486,1
58114.74891494886,0.25328076694018425,582.1180019717887,0.393374788127598,1,4910.682058458899,13.04796092033688,1
24845.432172867375,0.18275930187605938,566.1126684137927,0.3030711620768587,1,15526.41686884309,7.670969154074257,1
30659.09509218019,0.46311123450797503,589.8370997078166,0.6453069491213191,2,16787.82177889993,6.057327402994945,1
102584.94224056596,0.40907562943256437,667.7705794039562,0.7102354265784522,1,13105.027052735564,0.34934386549611796,1
34251.54837451938,0.2755377655221606,647.8435330851834,0.6510764921815522,2,16691.978556682432,1.5796592397459164,1
38064.28843090721,0.16013995806476983,667.2275034631,0.22938200055296848,1,17918.308673586875,12.898301209094463,1
96738.27056642628,0.2606451972273724,690.0650506836889,0.3009502759612689,2,16798.034300349867,0.25441329565528376,0
118101.34338480813,0.3434354675780874,599.8143259266496,0.7627472140629439,3,6589.287953921492,8.416939741236218,1
36568.66742349317,0.48988065078605825,767.2528134676278,0.4482279384000044,1,13227.149721411139,0.933886618382236,1
52635.02086423939,0.22561016301564113,628.583133836202,0.3464745870207843,2,17868.900847863875,3.5287987958655287,0
66831.11101881019,0.33985761421862315,615.3258412174793,0.5436695922661675,0,26050.982399141998,0.19067752200866486,1
94573.95288811185,0.4310173591873877,688.5908989865962,0.6014598134716225,0,13096.519748329118,9.194043436634372,0
40262.85843143525,0.06424791918536948,503.07918380999416,0.28571008581434715,0,18855.88140313677,1.8334187782985105,1
55094.443081157806,0.47405434015266795,586.7572440221664,0.4438879917239863,1,21147.063383466764,10.566842754652717,1
75546.75152123488,0.2081059313352275,728.4858238953466,0.5853120138434117,1,13623.606111392082,4.746066562695531,0
68695.32148933237,0.3898394592148321,511.00624567503115,0.16794257080802938,0,23038.85423241138,16.74343295417711,1
52476.87857539801,0.37960197795328926,739.4059357546524,0.40246909148522797,1,23415.216820016278,8.65976045022198,0
57323.540709679175,0.4801503669756614,770.8909253087307,0.17712206938985695,3,24662.693138428334,0.05407948239885217,1
32502.083832600365,0.4161109257072248,620.4435729741001,0.20328390061463783,0,18209.025182898724,2.912770783720784,1
55236.525120506696,0.06472514099240229,673.3450213941048,0.2873799845039392,0,31520.960747602752,6.7856687153107345,0
54672.2501998209,0.255826490341281,739.5269667880821,0.4954239075758941,4,10693.01821064961,4.221415789228711,1
64643.39779252512,0.3665846155223936,612.6568649565185,0.3355954742723731,3,29868.54310325258,12.111177901191642,0
48893.45562361968,0.32660241366562553,719.4220416420945,0.2703163750063188,1,20378.09642060903,3.0862343194844777,0
69430.77045090278,0.4073132875708124,596.3080963895462,0.41031091266499187,1,24382.711331187027,6.143094013061253,0
80254.31635639656,0.4447239866803646,611.7918165333457,0.1706074543467141,1,12759.735718208023,1.1847703392175852,1
63108.58655336932,0.42301420837156145,586.0530828540021,0.48576064356678206,2,20911.322920746337,7.185381446217315,1
67035.12816798408,0.3242870068934641,677.4117759355843,0.626277352391662,3,24988.819145650537,2.7681649169659757,1
61063.10695155735,0.12843955866554232,742.637524205244,0.3841591918023977,2,7388.489493932894,1.4964271566598242,0
60001.687861828286,0.2953422501374219,635.2709654306268,0.35947020133995833,1,13856.716027292065,7.187672286423625,1
45568.839329143055,0.3999641777766746,548.3000672070077,0.4746880706431139,0,1000.0,16.18294892449455,1
66329.88523346616,0.21914632969394268,563.3834542170548,0.0,1,13751.669162055903,1.7731899277651801,0
58054.26803173021,0.42575296761458914,681.5679537096432,0.5073634913195735,0,9287.942645779396,0.3201492190613151,1
101863.3661786119,0.4590071956720765,797.5293130715415,1.0,0,13475.626184232855,1.4612426093559576,1
91467.09804950486,0.3652240371555011,681.4979999451518,0.37546475577705596,0,35465.50350323261,0.8729282219657118,1
67716.93105113001,0.01,619.0482759478998,0.37617499325673387,2,27024.624547580388,10.541420522713443,0
44738.85580610465,0.19662939647458358,711.2947173480227,0.5487214000199367,6,4923.867243095576,7.4545046849138865,1
37751.77056033164,0.5763426990267297,630.8401091530603,0.7290665336395925,1,18890.168111195835,0.9941886811523153,1
83822.8590617773,0.28441546483659463,619.7371826108634,0.5949935688868271,4,20592.517609414666,12.343450274550671,1
65254.98450294277,0.11190281322452048,573.3232715443789,0.0,1,12634.720393067872,6.502364375106895,0
69602.86806783221,0.49822968659723266,762.6759075397085,0.5126797675325494,5,16248.153222109846,14.744611832921082,1
25108.28026051615,0.35160267098524073,446.8633666003469,0.914386029048335,1,16931.875451904987,1.7133637710176444,1
78548.76963116361,0.482592858674927,713.8287360223416,0.524488209351893,1,5573.7203899669785,5.092248719802608,0
69088.40676428725,0.38323504102632383,612.900404976197,0.1690796173456501,1,7780.694521396963,3.9164169345506314,1
37791.38631171044,0.40502709634546025,617.1727414838709,0.45636592488372285,0,16206.077029086933,2.5540637437959197,1
50569.50385100102,0.393561109725742,785.3852124894249,0.14386254973178664,2,15695.817695872369,0.6983102911711919,1
65274.34408713039,0.43369859743051997,592.8695126239959,0.646560737853772,1,10040.060992079118,4.041436906422854,1
61049.33596712487,0.6232916538267317,595.5944676777272,0.20882348239441492,0,9439.367021023088,1.2658235088818808,1
54156.5762839289,0.46652076031510253,639.5684608864376,0.41484872693840463,0,14371.545252301557,7.146282071055312,1
57930.234638680784,0.1603592818585358,683.107790864979,0.22844399960163048,2,21203.05667088291,19.052464661266086,0
54960.452435862295,0.4035993818334684,614.6515374165705,0.2907103884904018,4,14464.59960337191,6.529963686644745,1
63051.25024204937,0.48697769217238607,524.0912855571291,0.697230129172099,0,26359.115814449542,0.18598051653284317,1
89429.83945986314,0.49432409678433753,580.7441455294588,0.42069143297873945,0,10129.256166362073,2.4859815427921057,1
15000.0,0.298807402032908,752.5067085171615,0.288159505254856,2,16351.768610183783,1.9301142311679342,1
55262.99470980631,0.4897933334225753,655.9821431308409,0.17095440582265545,2,12519.931996271958,5.483407030449852,0
63530.24842744894,0.4613290879461446,686.0869826963058,0.025659702720112754,0,19115.726624891773,12.36725304822528,0
65919.87979374199,0.6587020924363676,629.086303426157,0.14974387329546268,0,9528.884824423625,15.983575810235793,0
52561.708373574205,0.2599997916501786,597.2401843061384,0.4223918482888756,2,28491.78427795629,5.3891795260950035,1
24865.56435042835,0.28911193083194897,784.2055559900328,0.5960467537445328,0,3165.713178467957,2.8097043807784043,0
66559.90967428219,0.31326571418480553,634.9446514359136,0.2879297015155598,1,27008.36167776172,3.6986663232150003,1
94547.00428328369,0.29117334199534695,614.5304096378298,0.714108720143803,1,15629.91928376183,2.212880047621505,1
29322.771901677246,0.24319751002836762,737.6913893084271,0.25649991555435464,3,18866.972072228393,1.89141753933996,1
77276.56027396377,0.018478939319150844,592.2111712906092,0.3523976554240242,1,24341.674321643703,2.4131140304143956,0
53429.49553754212,0.29783606315322386,602.4218124980803,0.18408465593254963,1,21003.630466162485,0.17241826475620173,1
58773.51308342305,0.3943229671639885,650.8197347213519,0.5981523469135712,1,9889.811785448572,4.777402932676892,0
38942.02978592102,0.2908133785392907,650.0216083270544,0.8195021228089137,3,19200.626886838214,12.417507435087291,1
53310.876552882466,0.5822457420234931,670.7689078322571,0.04763660781276047,0,28072.317808442316,15.61327430494098,1
86000.89189397916,0.35160509752590346,817.333527151639,0.33076758627306035,1,8788.958014874243,2.910848730956952,0
71653.10483975415,0.5049234866220962,676.8998597081896,0.6529559694100071,0,29828.99957835784,1.2588865725695473,1
94646.23210819889,0.3813704495275962,459.75568297993595,0.11061089571487975,2,17699.91740177995,1.8011124806052874,1
83548.23777955388,0.4491688771871909,676.1039154745249,0.5133367813942173,3,11967.4055965582,4.207841780484705,1
68781.73357859152,0.38350898647202747,653.0303995591679,0.6442944400415141,1,8746.97430774222,3.3876405437423838,1
94878.69052335585,0.5142541558284275,653.4760019481166,0.41564576287136745,0,13436.990479142078,1.0316407458506043,1
68779.86317476598,0.35671272201588805,669.6757847516936,0.5100526141880266,1,1313.0516825065333,2.5799587731353286,0
76559.76353594118,0.40953448497065426,647.7057369860161,0.7521804772255215,0,12093.288716588488,6.63692417299122,1
54068.580929305834,0.3939599520380052,645.7910325555689,0.7896853108202293,0,13159.509293010718,1.1273215245271433,1
61330.9163171841,0.31540574502472174,699.0435367816629,0.3876065573931034,2,7479.104456213063,1.41156134227564,1
46051.52353399446,0.3985978782709612,606.6335362244399,0.2935244301401534,1,20234.91636433052,4.2715158589773425,1
79791.67869189706,0.6181263495437218,574.1850931488659,0.2160039777852607,2,13468.63598547429,10.068991301007648,1
36433.92753770269,0.31755236694854694,850.0,0.5953928300857425,0,10549.438187699005,2.9186869278234777,0
75647.00684835322,0.40033578714238977,592.7314044975013,0.12564488844180638,1,12722.662454520196,0.7869293427158861,0
56186.97884989681,0.5009334741043331,658.0114329968061,0.34948519240175957,1,17485.752313210927,0.7842428247002103,1
83424.9418693464,0.4868303937133136,530.3471799299706,0.42053795419089324,1,15512.54847326896,2.7192678302805358,1
75017.3797746252,0.3514059701263238,659.3174732041138,0.2993994974562491,1,10093.174383386955,18.249831912659058,1
96412.92315293604,0.0639933556451166,575.3419559448532,0.4559640530038248,2,15879.574318283108,14.344968859440852,0
74615.4938227729,0.4120043382378159,614.6021645719991,0.9129026636585517,1,14645.268297036198,5.213550136691135,1
28559.194886935187,0.08366308896523367,733.6051732616899,0.37568028193069153,1,7023.750437958312,6.393828553766973,1
58660.93654203598,0.5263924677129477,687.7607654702459,0.3129188745145221,3,12980.467145449176,3.128461293821287,1
36559.85614810368,0.37033686454319126,695.4727619659856,0.6030663648763706,1,19055.367892946215,8.548101567588656,1
49634.40315267451,0.4699608823846386,508.303612928651,0.4479167288291044,0,19004.967819275556,0.6113328070533844,1
90224.56866553443,0.24174666341827383,796.9516135863211,0.6878671542422753,0,13390.249673176244,12.05068560811416,0
72750.67621795392,0.16369910320399347,554.64949512465,0.4329375239639437,3,19737.40956350184,1.776465342979265,0
46021.39142842507,0.38129052609694003,772.2848651435093,0.35031535840579336,0,8140.311521107649,9.044378978562127,1
39725.65267119202,0.34596758720526294,731.7235092785189,0.043255022381088915,2,8357.085132646718,6.17647618460845,0
60655.64185752522,0.2910151008611401,696.1866193427744,0.07605306123765199,0,13241.215256944235,2.3800702605635444,0
35668.79701237744,0.3601593536879316,581.6012175273295,0.03286026191457947,0,25482.96295260995,3.346965102459296,1
46577.194452068376,0.6820923070438711,662.1271875855618,0.47586783325684795,3,16142.76138576744,4.505144112344579,1
66240.18943102488,0.4501430656842869,612.3262871484112,0.12755010402650807,2,13072.439332339596,3.9129437826430804,0
83106.24072213392,0.47593983270359824,652.3231657204234,0.6511154731838766,0,25808.96600844653,13.712363676181793,0
72175.2294444888,0.45127242698640263,630.0102192731553,0.4060493129711908,1,12991.43095357523,5.8559313976348,1
15000.0,0.5275354572622631,486.91115947420735,0.35116261617966626,2,30643.13266100196,1.2624355618397844,1
66087.3345806052,0.3271913992519106,739.7427320787671,0.23122898495913238,2,11421.01813465478,14.405172919440318,0
61440.67146465156,0.10342864307896474,643.5114274760512,0.5244517496540413,1,7917.898895240893,3.2819867406139847,1
68277.80570745387,0.3273696640392788,611.2159680398211,0.23910043609151774,1,13835.46617603687,0.797712744067326,1
92324.19363302414,0.4474082851995802,605.1738213736186,0.20292439918602387,1,13256.410174140881,0.7744373990181457,1
18735.234463905144,0.23362395258619115,678.6767661093414,0.6376699841210698,0,9345.960165555018,2.044925012878882,1
48177.93149617789,0.32883608594128033,578.4994929364423,0.47092423215500456,1,33213.818547109055,0.029009649921781944,1
71818.1264558671,0.26698763083972243,469.58595532207653,0.3530141143503456,3,17230.38597463675,3.5670527023672056,1
28368.112010921155,0.5302435102211756,682.5703842566621,0.5282865969467434,1,18249.747015701087,0.045895642093402925,1
89518.98096107018,0.4399348418487876,691.5282398365457,0.40178637462213973,0,11766.84513004155,2.0066384130499824,0
67367.13225401317,0.42818487447727505,634.0294540257894,0.47660263009033677,0,10956.31430678409,2.7528508073743208,1
76931.67971686808,0.4245921575745165,558.1677699847993,0.236630419524909,0,22178.908490023903,2.640445042136901,1
48581.12676956411,0.34553008969374477,657.1148432711428,0.8140797217821245,3,3269.1075918716724,10.147382107926957,0
76275.2737993242,0.3737067539033004,532.8374105349129,0.284076006464755,2,6999.94869046742,0.16274946103238788,1
81369.43111978077,0.20777785033612187,567.8215522649873,0.7112032653899955,2,13268.840460747118,5.2846936830994355,0
64657.560402743366,0.08762696254993185,589.9441650796671,0.3622262301391047,1,24457.331139440183,0.30532853371441404,0
64688.01785397392,0.3680097356414029,717.5151256713245,0.5614194231309925,2,12378.381189213684,8.746738033731203,1
65406.86478563452,0.3888788307526573,620.9911239650467,0.5468446998052273,0,17913.060900919376,0.7819025587277039,1
42733.09470521237,0.4951117482110453,614.1706870578831,0.6293703510300092,1,15194.100755716641,3.62789719830597,1
57049.42639519294,0.538560297929884,806.3754012328997,0.23187525856717106,4,24073.80889055766,7.1163304486531285,1
56949.549350952824,0.5383998181998736,678.1969997750971,0.6151270802557725,1,3906.9388725095505,9.010123764879621,1
67667.8772870699,0.23023716880473466,677.1195608379861,0.7692879701822881,1,20151.742426059438,8.208245003323803,1
79996.48493820589,0.30772819580602767,620.423940383298,0.3482614041516286,0,13607.707491801819,3.289330021429585,1
38829.27836043181,0.4076401155057655,602.2902665890578,0.4069412134284245,1,21474.189357435855,11.391689160772767,1
57499.81939360845,0.6538285613290613,475.08748479862794,0.29531067150396917,2,9265.025257297792,8.764663103687317,1
89629.11095317946,0.5276119044456699,727.4992425538846,0.33071274956298,2,15170.751489039869,14.390442151612914,1
45128.235423748716,0.4843276594398056,685.8647764605104,0.7422845597864981,0,14282.453023611211,5.1094011014830745,1
43554.9996541936,0.3034654453340851,635.6667205429269,0.19915309477395918,3,7982.951700757111,6.210020729879357,0
64046.12383662387,0.24401604426138504,639.0218638530995,0.21157623562984562,2,6037.108909371254,2.187295632628731,0
76887.7038097064,0.4446689460059887,708.8915409808844,0.7221801872828755,4,10937.120466958004,1.7004035871177687,1
60228.52111121319,0.21792064829187677,525.6231941536117,0.5249096851776724,2,15909.517902964997,0.14430869211833813,1
86579.21180873978,0.3213876378823637,602.8094934756956,0.8240740498085048,0,9701.61442986855,2.9795635348593223,0
77135.87965133053,0.33622664611976927,559.0957709685975,0.3099122724348294,2,12689.485058805274,3.7930044684783057,1
76836.40133780123,0.541149450694737,791.7207425989398,0.4252562274475139,2,1799.4185186150044,1.0531012869790404,0
71082.33002648187,0.3074363236448387,720.052442548264,0.2678646112456391,2,12405.45055661389,0.4824699501739952,0
106553.0620069217,0.057290043371286126,473.78458870917086,0.4286602337295392,0,22165.106526375046,3.3708514943549197,1
55896.766222679114,0.4105333577194962,528.8990698688019,0.04518066054313924,0,19936.26228179058,4.732382904722407,1
19929.55415866972,0.2661173776275288,639.4123461314011,0.5369909113310016,0,14391.546440809994,25.443661245628654,0
92085.08723034282,0.3551157229325296,612.204783034206,0.4646948166984676,1,16705.56907509914,7.4676887217664465,1
50846.011380863485,0.33959543589894514,544.049423353849,0.3884890675068162,1,9202.177230840898,0.23650756010867025,1
62157.60888686066,0.3171555205018678,805.5809790120392,0.3219271350800671,0,26371.070783039802,3.297176132254982,0
86191.01369721054,0.44484086981416443,675.0031931186063,0.2210492025263801,2,29474.337545597336,0.2577252102844776,0
27954.809178821495,0.1660562145976751,687.9853058290473,0.5455425824065523,0,16153.765414941816,1.5826931477333832,1
34967.055717877214,0.28795829300547676,594.6388040614229,0.1657820028593187,5,33134.800852430446,2.03563943527761,1
27974.441257622926,0.4320845495740857,707.7819317742402,0.5023791824098487,1,10238.723399252605,5.457167097881469,1
44117.27419949153,0.2763098269586758,619.565379121439,0.8148902789618915,4,6242.445319517328,8.704469461183722,1
68792.73212033988,0.15694319488760336,627.3325461034001,0.6971042977288597,0,10032.633721341173,3.0378406659952786,1
70483.75685625542,0.4302266411908083,698.8801567860207,0.09897441146586938,1,13463.568144475064,2.645867337985372,1
65525.48358657108,0.4847713556529847,519.680194795176,0.29265238793133946,2,31184.465858420743,4.2043721276460335,1
31744.682322152672,0.3446005750828392,777.7622287880786,0.4842901481110676,0,13031.886108158284,1.3878599758221761,1
15000.0,0.11469852818365608,664.59113717791,0.38594361559713,1,8982.409310371851,1.9889928290854744,0
61087.07170780765,0.4347163696038579,752.4755367024339,0.12011885634351577,2,8710.787982957943,4.8150012297189715,1
50564.47932723328,0.15081345422963743,563.9664194704945,0.47706319029469824,2,22980.154784302962,1.5612548269035809,1
69187.71543433223,0.38705591322177985,576.1467900777445,0.39799662097674016,1,21981.112238163252,0.3088703844610296,1
74039.0725244254,0.24350434103094082,557.047982272015,0.7828650817207564,1,11601.652695524728,2.1255072143901854,1
62764.82864117364,0.21081928570796415,670.0238138131871,0.34935425947651066,0,1869.5111874599133,1.7991006635555997,1
75202.66170751708,0.2969707979504371,655.2786641534597,0.6336006770653182,0,7099.845187035006,1.344660716862263,1
64584.22748230137,0.3280042932287288,612.8470544615055,0.1465823193740049,0,27048.7068624968,0.18610117758844175,1
70601.29411202934,0.27269500995362617,568.8744645691777,0.19439814042069836,0,19821.655191846294,17.541138967840876,0
45906.53474260235,0.42064439338581805,548.6722984215326,0.5443323919618981,2,15458.229628908137,1.2293565848768617,1
56407.77172337083,0.29647167458493995,646.1212879623475,0.616746156121475,2,28081.83221205741,5.146598620291051,1
63935.52193313914,0.4676229046006186,612.753057632912,0.20852145478512155,0,28708.283909680613,2.005548432881727,0
76410.56950834837,0.3837407798772175,595.151440611339,0.40481548129678235,0,14748.42278627091,12.501514129132634,0
52125.17655550856,0.266293135208443,773.7671588905288,0.12368416529418441,1,14876.997676278334,0.5416498292065772,0
70423.34511464226,0.24608721394012567,643.4139457445813,0.36375603473890417,1,10925.673225215462,11.230092949403874,0
54683.22416169242,0.15230044411430735,751.603434714154,0.5673845571248253,2,13007.776987604055,0.3006683825684522,1
57649.15665343739,0.3848879813440187,607.3398253853843,0.31300830017277104,2,4595.725169399153,10.03456898787923,0
76590.38084048146,0.30744949432983704,669.5821027038926,0.35019305881123947,1,4567.295366711582,7.247025125812124,0
20138.79257891688,0.06533653663237826,645.5619186994932,0.17404092034078966,2,2941.387917658689,3.6346164787401474,1
34070.55343850478,0.28571421526767193,514.1902152385502,0.27032831727501483,2,22590.359048436112,5.8373803760482375,1
30356.292051143584,0.24187591648940573,764.267064501113,0.7516221832428678,1,4070.1844396120578,0.6274873548712939,0
15000.0,0.5390813110604792,639.1877114374067,0.4145849783434266,1,28649.736090943086,4.5270929026581825,1
46434.71119689647,0.14566656657280283,709.7134575706368,0.19953844666988038,2,9887.354761604163,9.640587933133459,0
74988.6779945548,0.17703790403191352,589.8377022030752,0.3370456100164017,3,27161.449347477756,21.073123833479848,1
54302.318672348505,0.48319635717268394,636.8124494736188,0.08051447576668758,2,12444.619599941678,0.3835505132427478,1
63955.801638837045,0.5128115788956755,580.6518112061316,0.19716806157195754,1,4036.692603556661,5.615087864372843,1
81784.34993421585,0.260602047352923,748.8798786210715,0.6720679478092907,1,23986.452286458283,1.5322791494379153,0
86553.72264535383,0.2741497012629307,674.9127477960541,0.371503515122679,2,24813.059393432573,1.8403835365852053,0
58617.24130547721,0.4239482475863975,679.3642821344711,0.7781460352202413,0,8657.642998130925,2.3535065996253044,1
87071.71779138794,0.07074802436656275,758.6547317683983,0.3809304323007888,2,12678.434133817846,3.96599466698625,1
61842.53316868218,0.12665675785933325,742.5073037519219,0.39280426076170083,1,8659.428444073146,14.999333000181744,0
43252.03552345076,0.31631199189791454,711.2274028909028,0.5281788317084247,2,14156.313138795967,0.8037398208073245,1
48111.99295602529,0.5359868679354951,536.261812237003,0.0,1,15754.804032085984,5.755311416847536,1
30389.269748699673,0.29771238941999123,594.3456704386654,0.440987864730715,1,12540.318586192,0.15224101680816543,1
42237.32292532695,0.36211241500821856,569.6889491190918,0.3902027023878097,1,2267.7602322640287,4.073420061588827,1
52839.66623851142,0.4860547127076814,708.2026954900639,0.6972077787030295,0,10933.844794369845,0.721691790529657,1
76071.70038757203,0.6028261679933775,663.6521553400041,0.5929358788327235,1,19924.631344878293,4.140803354113195,1
94415.39662331968,0.2807781832222025,538.7590053095524,0.17326166289063988,2,13537.703201828588,5.706446576539398,0
32356.3696924592,0.34797959315198884,634.9004629591018,0.6484277237255162,2,12707.915607068058,2.9697825359809125,1
67856.54936519839,0.5686466265611411,530.4710131424977,0.34753709488380097,0,8484.564184784645,2.3139198063971596,0
39189.12121684931,0.16733608697702856,645.7474809544192,0.219109354740791,1,10729.640415616683,3.465737803627081,1
69493.94176926404,0.4733097284664586,517.5701996810252,0.4394206501742405,3,24862.636746073724,2.3374370989780067,1
57378.26698624547,0.22780213611664898,692.306199470769,0.35944612886723637,1,7021.559202385245,8.37500669146404,0
23381.883483049394,0.3622966840523788,680.2370100827259,0.7076930628057048,0,20045.761676796606,5.88049787217418,1
78565.93983136969,0.32088571431196705,802.6358794677506,0.468124405698242,0,15329.386546324671,3.7640223704466718,1
47899.98574382538,0.23503860791585246,717.8298631597874,0.44113178417720117,1,16713.674641849815,4.2629037138575585,0
49321.995232528905,0.23202776868100697,616.1668595341998,0.580129416571088,1,9873.506032897676,2.5296993954698355,1
38604.9517742062,0.3831697237104505,715.4456074619588,0.6185743236185425,0,12537.55843766458,0.7663163393331722,1
46914.33446624889,0.46946471937952183,538.1868895243857,0.5567210188594599,3,14959.958738796298,1.1763523084288352,1
68557.80881389834,0.3344316556173796,573.0021917055132,0.6838926945629907,1,11355.331247735627,3.269046832298895,1
56215.11318127189,0.35841357904798593,676.6514025660088,0.5217364825827577,1,17320.024728255845,0.43929427078307853,1
66573.24004564963,0.4185408879549256,477.3400269801658,0.4335302929453404,2,18202.073112861497,11.81355650353228,1
67238.43707857687,0.23340574723844482,647.0271372052894,0.6478344124176059,4,30208.946365339445,7.069995318469413,1
86413.23311056333,0.43876310100955074,568.3789366305264,0.3818207719835723,1,16947.3302055366,6.243558366196015,0
53144.276982712414,0.4483211716471696,658.1045644122611,0.40664930326893234,1,1614.3014113681384,6.272705258825741,1
30462.843663085365,0.6624351558500492,563.7810913562189,0.744315383459383,1,23141.13356587076,0.4517314104476515,1
81344.44833143966,0.3048674971328501,683.9398509964151,0.7243848255910463,1,13572.905508546653,2.9677393283764593,1
53370.23655805491,0.29503018379982465,651.5461938933912,0.39836483861533545,0,29083.47754055798,11.221181423416374,1
82291.84889154753,0.44227590458884947,762.0292733505064,0.3092896845388767,1,25296.471167537158,4.754454998456587,0
67667.5422636494,0.44829250026945655,650.5387627281298,0.6926347000416997,2,11463.128314019035,5.66566456599559,1
57377.249395933104,0.2857895415947945,588.5085756030827,0.5600836715830428,0,20053.319487098226,38.72246995349415,0
66975.51788092591,0.3016204787683941,630.2491315338174,0.4631162508394726,2,10842.313965764786,0.3712732484875635,1
99020.251202526,0.4149357005861648,542.4610882386614,0.3356254579620111,0,15018.835784902856,1.1180286488281967,0
101539.61058107506,0.2506898911118406,682.4909803764352,0.4663393157429188,2,19731.893700477678,1.3236024705360891,0
61387.62270265557,0.30073592143819816,697.1880197052218,0.3956583080224595,0,22791.00144232557,3.6423510668875463,1
63203.81186634151,0.3607511320842121,847.5356829354255,0.26713236408540086,0,21266.44080220368,18.620672821535354,0
81524.80314932771,0.46951264217867095,600.2531207516477,0.42580846571744707,0,15524.927423389796,2.282622077595045,1
43086.779344653056,0.27744816605845507,628.5764341059854,0.45308480912792154,4,32383.967300568514,14.977309355748737,1
66661.4074523651,0.12891386455631934,603.9393180449428,0.3249209866159538,2,12444.857154310375,0.10258869779801143,1
59482.74304092287,0.12000830389781467,666.9690960904979,0.5807651377219035,1,3749.595578104916,6.19147890136483,1
66278.16422915107,0.19887043199526397,680.5352427583691,0.6577664784621978,4,5097.104933534727,9.359357749279098,1
43332.62388101188,0.1924198738160075,645.7300124457191,0.5939795387310826,0,25318.0541108564,1.3175930988502587,1
28208.65013382062,0.3314467089656109,736.9060733498426,0.3447503229572011,3,14463.429561072368,1.44910994264284,1
18540.331280174163,0.20733438156828737,600.6416396996178,0.5511643008376744,1,16113.402486378644,8.49106195794367,1
37652.31774020784,0.2656694048214555,728.893923831257,0.41559227949200805,3,11202.332840529642,2.7474749926136326,1
50826.49430121334,0.257109693802154,693.0798282912866,0.15285080428680967,1,11831.08264490567,3.3005387600077656,0
54136.16826702476,0.29713905669824076,649.0376064080842,0.5345458756995491,0,9490.328973354935,4.831068988502181,0
98744.62324859033,0.5087005197827746,624.8050687394284,0.42922632819138967,1,18298.05569331062,2.746634916761427,0
82119.86739814596,0.429433710731662,844.1334206985096,0.9187096004138615,1,14318.340577240297,5.1404577948580155,0
40758.177673167454,0.35193552983312043,584.6393079406337,0.691454172655712,2,18045.037644623808,1.1195898052117268,1
66954.16904901914,0.2946768463302994,673.8346541574732,0.5422300313869048,1,17376.06869722238,13.680693900870367,0
51858.4352729935,0.2980120812052374,589.9824743806294,0.4498341002576359,2,12018.848864569725,11.874842721201427,1
54312.723239198094,0.38932957639423393,792.8496598897045,0.43274445101160364,2,4788.885622880489,2.6536444230613947,0
63706.51298830764,0.4201002888022748,720.9461063039363,0.19926211927337847,2,4179.402828004497,0.6944466278693907,1
72383.42233950787,0.24108589926792795,595.7320096927085,0.05220255456001788,2,36186.56114186546,2.4135286589420994,1
53214.83032231969,0.3543776906737078,691.0075994744983,0.225488178183687,2,25347.21411096317,1.6143811463836304,1
81277.03065468717,0.10620565176043675,670.6156577021244,0.39045659636591395,2,24381.2779682385,0.813189463211792,0
37161.23547715192,0.3754056541004716,608.670019042021,0.0,3,10277.752351091734,4.142101307156331,1
60126.781247245366,0.4414579090350423,710.6531373782539,0.2911356415454502,0,15066.56813634184,2.4852447578515906,1
111953.47453191664,0.3163917647742949,681.1444312883528,0.35047739337511485,1,9292.460453317804,4.61139608515625,0
64461.5948525055,0.5679832395368126,667.2558971108762,0.35691468930290843,1,5815.425333838764,2.6656612528158057,1
88664.29013212345,0.24425138630767393,646.6464231006137,0.2676552803623711,3,10878.585357370095,18.95246465681252,0
61830.40356346416,0.37609284983639135,684.4843594079721,0.33169723712371996,1,24283.29474400705,0.3174069025508581,1
71615.54190659593,0.3457010304000853,668.3510129193968,0.7447787656247724,2,20885.217568467786,8.094056568865401,1
58864.33611214617,0.33796427990679095,654.7274666420013,0.5324290562981207,0,8209.663988645849,2.580819315116858,1
56591.84837671591,0.33628133983943026,598.7187267209949,0.2879398446203701,2,12796.287648897673,0.39403307790494285,1
44410.35206549161,0.3628526036011366,785.5012992609994,0.3863304423276074,0,20243.862203556066,6.437961158147818,0
68606.02717915106,0.45175504921564397,565.9664045321163,0.39433733286954664,0,11003.20023368864,2.7896422200001703,1
42969.256216284644,0.5153283483529693,684.2108975103796,0.24640891325196979,1,15557.103713829112,6.882038058983179,1
73311.70472626858,0.34972997065950107,624.3807406158853,0.24617395645122908,2,17812.932129453682,4.58383057388642,1
81705.7400889182,0.44783792866059596,790.763781555944,0.6021048040653426,1,17736.513862908916,9.475958906687191,0
67330.6281447446,0.2657879664479861,577.7213970220928,0.3160431244966368,0,16779.017993832,2.8836602552435595,1
54275.025328886164,0.44191465432714794,591.1789390591734,0.18106072259382572,1,10424.11978352243,14.916898218261583,0
69079.31158617392,0.25856101714076113,572.4145549390539,0.39137193118611147,3,11143.177887368292,2.624538849036334,1
53826.538889071744,0.48087919233057586,675.8772040760488,0.42360195062582473,1,7064.451039355623,0.16165637561462057,1
78710.94250930299,0.6152769052871887,540.1559472345086,0.005459155161232965,1,4070.6438454840936,26.54273133918852,0
23371.878315697526,0.33534993344343295,611.7177204193787,0.39185072843656144,1,14196.758808168397,2.6894932121830384,1
53287.852637627075,0.08689478110311094,477.8107341716572,0.5735959868696521,2,20713.817302110343,1.9021418464796143,1
20183.760097520048,0.2842312480106212,669.2337083302473,0.4902458771043666,1,5338.023240922372,1.222666458261777,1
30098.7833954559,0.49782501611471636,609.982811299499,0.8459590230389943,1,16910.812708869802,2.289763372197062,1
87277.24459627818,0.4163692144430294,530.9554604854518,0.6502218964624358,0,20492.418493683763,3.5984613504894907,0
77903.69963943372,0.37986963184100353,736.8487522379247,0.6897868049501708,2,2142.8636182505797,2.201182068027483,1
45610.395334304194,0.4710402027145807,545.3866481292049,0.9600171871828653,1,13105.932299046468,3.9085286341086234,1
29949.930879182062,0.4081344127098106,713.7554952022572,0.5516312523549196,0,26523.471403208612,2.4568100643611657,1
15000.0,0.4961270224941363,593.9167340809756,0.4326140415865402,2,18863.58712430161,4.3034826580726815,1
49130.089841347304,0.46033084119763823,778.125710231634,0.5947480586862665,1,1906.7999565639839,0.5170960738482182,1
108408.30024494804,0.532604054328435,709.9640431140917,0.2881527133210013,2,19608.376236881275,0.9908609137506884,0
68697.68542927294,0.3930555300687505,569.3561703300777,0.4215372638989939,2,9765.842440401699,1.7203574127314414,1
48808.55427901021,0.45863112817927454,576.6333958231755,0.2704544713843373,0,19839.148510649316,2.1615776199960774,1
69301.60419000612,0.31314475122970575,698.4420164179448,0.47959691151257633,0,10169.427633794583,2.1182731786396305,0
28780.832940111144,0.27782470261291925,629.0097495431867,0.26961818239603597,1,14628.772889116244,4.396925433470475,1
54053.53274604729,0.5548121168502768,636.4525994382908,0.2626143000276565,2,11237.200620059355,23.97898602948708,1
61989.54946031477,0.37594456115872255,751.7791089417678,0.4826946586211009,2,15022.104059169538,2.1209541355197974,0
58277.98696357903,0.4465856679034855,590.1048901304035,0.3724577118438866,2,11029.038782622918,13.453925784985275,1
75816.12243380162,0.3648488017293668,657.3035017740364,0.014495772856650602,2,13435.232309118655,8.347102724278368,0
66892.90452472105,0.2796181218896043,726.3702234921844,0.10888861573758207,3,6770.764941825257,9.553956309033222,0
73366.52036215994,0.3513179471098881,714.729399070848,0.17054670170770733,0,18434.61716789794,2.391227963722792,0
46232.55435538481,0.5223192821321256,637.2309865983462,0.22340561877720513,1,16226.996460507475,5.026180240901743,1
77956.30816821096,0.4166288089135308,626.8875295317873,0.48288466589572765,2,3684.274781270942,6.813777856580359,1
92578.73895247982,0.14462322083234488,510.89476299832546,0.4437877694143272,4,21950.41662141349,0.9686873341909783,1
40597.00960697175,0.3241706652108614,565.5004005867843,0.6130558743398399,0,13765.984282418525,10.624123265528995,1
42246.086885708806,0.5638752551245654,675.4687381259787,0.5505603645883542,3,16132.336773651368,2.0894121332893794,1
86715.68672640466,0.32434437657800524,638.969424884621,0.6143805912365317,1,20351.9317042043,1.303418571798003,1
56173.12026609879,0.1339425569918983,655.9941662852981,0.5216792382918246,1,17297.695696519888,8.75005042765905,0
88076.42784133114,0.5771658662507052,733.1402887707249,0.44193586181829797,1,23156.422109226296,7.951190640864253,1
51149.28576215632,0.4318871011775351,555.0141512750181,0.6198703484575312,2,12946.931344562123,5.987364751514294,0
89100.91152541422,0.34159845694246393,631.105575821388,0.5838825583480199,3,22241.005703589275,0.004516184371026804,1
62629.71633610904,0.30542987167015173,665.0968770728974,0.4752190735107983,0,15860.472324651246,3.818576594427194,0
65164.5764664539,0.4798822315750082,593.6672049940387,0.6542143741720285,2,18553.433971546838,1.053187206264535,1
91294.36043339809,0.2849619919728569,764.5181691141934,0.0,0,17825.40420958533,0.9955963711712639,0
52764.59045111657,0.4877907709419186,722.6869441290518,0.34190736517191006,2,23685.11227716668,10.567451971447703,1
41177.55808150083,0.4150634342869107,673.2106661671005,0.3388419068696538,3,20049.886614915056,1.6955704823356286,1
51028.715839432916,0.379361831058482,793.5385423462869,0.6305365754963141,2,11899.381637831077,4.595094802937844,0
69046.67901286278,0.3674617766402714,530.0883776311887,0.7142789993901539,2,10511.130692001065,2.040879418633446,1
28684.818556389713,0.3290038355942986,649.3818975115455,0.10996412595794752,0,14651.72096683617,1.8749030891459963,1
72749.41805302243,0.47547681442511186,679.3069575147249,0.6822334348298552,2,9679.28991244527,3.5389900218140062,1
49224.573647645135,0.24615886014777988,576.8355962564863,0.16571096279474623,1,7634.65459071557,1.150438783386786,1
82956.25321467128,0.15536898478037486,674.0571633454183,0.1717569508878355,3,1000.0,14.757043134233443,0
15000.0,0.4237328147470969,561.4734004969698,0.35314285953452706,3,4155.160695199027,2.065370157034069,1
44268.68449791663,0.4257485993680577,705.2445854619402,0.33635870557348313,0,28897.844527780668,10.35312620459102,0
26270.63697531796,0.407628938301412,734.6267814503126,0.0883165440566247,1,10404.49825259156,2.172663372877562,1
43475.410672720944,0.3989274043541646,671.7866720902663,0.5299755946985134,2,28324.222098748014,3.5059443430184967,1
64953.318022178864,0.3115351545994942,501.7761747948043,0.5358804849453205,2,17822.082208089058,0.16001931188411372,1
56415.4674910049,0.444497924526263,572.6565183067172,0.6108083192327342,1,14651.693848547266,5.759800491050972,1
54932.4486210397,0.3445330247894551,695.1768002570528,0.313308934044427,1,4495.764182251363,11.208281597412002,1
56816.30257239878,0.2915463727021786,651.6958914809893,0.3920834570055103,2,15032.682269032342,9.946563747186048,0
64067.76481239887,0.312573042529352,434.47979058460095,0.3939145670194715,2,28245.286368777604,4.827664879280348,1
39829.27916113785,0.5924767638530998,749.4264307094593,0.7375990882936929,3,25903.457208117172,0.7773837052034842,1
74136.99281798102,0.14180287015454807,660.9325205003066,0.0,1,16919.67056888305,4.8566019531739455,0
73253.31940770967,0.40997457251549585,584.4740268799964,0.20861113020217933,1,6959.321438664889,1.9878403085957013,1
67700.75875312202,0.14850674868515393,729.5964478053331,0.40110816855835957,0,8299.842583255933,2.3392975840314523,0
71130.66885502526,0.3370119994012432,595.7967989674481,0.18288595301689942,2,9031.857096252777,11.223331129915044,1
65928.36001617319,0.2979647017814975,594.9238305916629,0.34833592854577655,2,23947.084491538903,5.580612053067634,1
100701.46605462136,0.09979660439841465,678.6682120811229,0.37478489272601817,0,26422.043052761313,3.0925229303867665,0
58258.116578949805,0.39668451085205153,792.4830767393836,0.2684627782415062,0,16371.249844773098,18.42928327703643,0
53858.33563330847,0.30439543253693646,779.8869742378309,0.4128937852205345,0,12878.436951337924,1.0785952258992986,1
44929.44839285244,0.0980952388926507,678.7769199123285,0.5256298555515627,3,25840.97347662689,3.01063540150719,1
39354.74658844326,0.4507481708929102,686.9908527080256,0.3527467109937996,0,8149.985213945316,0.818688453776144,1
35110.564247978495,0.5222007413586722,713.319914566786,0.3093610532062529,0,15362.76329320256,9.028465925757146,1
42224.05373538163,0.5288149210755886,549.441305970452,0.3668470166692256,1,18240.761996822912,0.6138336209919585,1
58586.39236695857,0.3930747728781765,701.5318669721586,0.39851273067088216,0,8960.395749765205,11.654273091239045,0
66685.90256995428,0.3555269766292538,591.2741225485178,0.05193608693311563,2,10548.600450260848,2.4492764143521626,0
61022.841171043234,0.5093787945074956,675.4782453437265,0.4923107835922558,1,10003.836945686779,0.45819039906696235,0
44689.294451405745,0.5518860302408117,631.802589791413,0.30979975411064115,0,24917.0879919166,1.0816070765962973,1
78003.69128039927,0.48602824434507497,690.0966661691372,0.6523070149622103,0,28400.570939399615,5.808553843526868,1
74788.25344601895,0.23701548773242387,659.4482772005168,0.5182106951284949,2,15803.547711655927,1.1345146541224385,1
56807.03385155966,0.3741613823857906,404.15757833429603,0.634013280843931,1,13122.469890700488,2.196922070738777,1
46941.677106705756,0.40274193731497143,664.3113369364145,0.19779924125701834,2,10801.112475046926,1.4386152827002285,1
70968.55841659599,0.1328459637299325,701.372236183941,0.3257226717625147,3,15012.224194152304,8.383206054628458,1
63759.47174972209,0.40632327915449284,685.6742678670763,0.15150830250851818,3,11148.447739942472,4.570928579128184,0
31037.454811699048,0.6227590191175267,641.7931243033137,0.2589617582141348,3,14320.788303513455,8.589641207855083,1
58640.394880311906,0.42679233989609494,781.3729353544325,0.6504210849017183,0,17892.629761027463,0.46488417512639624,0
65240.71624148762,0.5268095697730107,674.9098503297329,0.697498115584499,0,12162.809400467422,1.950498698095953,0
42006.10427024492,0.37194976761544457,685.0138640154485,0.17037334103910806,0,13672.883561701317,0.42341181295183594,0
63796.86785674886,0.3412138011219414,733.5593515240455,0.30834446633654333,0,13701.818604493867,2.7172932540431733,0
30903.55029484422,0.39575256680971704,679.007439975728,0.38476086559521017,1,12777.055956917027,1.7251799616470205,1
86723.72200024342,0.25210080224186804,578.1585797268638,0.5171211283619563,2,11909.864860886522,0.04813534390295164,1
84958.99970118864,0.23434697753187334,454.9330068976302,0.0480379472927015,0,20335.376220557642,1.1788302529229822,1
54949.653313940704,0.5019565468603239,611.8303278385534,0.07939998369431234,2,2604.8477971649027,1.3245443931633027,0
67269.08675678146,0.5146810811439821,710.8756420704893,0.49792522877448053,0,26019.959013008844,4.615927830651904,1
15000.0,0.23106724212951793,621.7522934865756,0.010192286216415103,1,15948.70624242098,0.14386769133928926,0
36873.04679469334,0.4661598565464637,714.0942697825384,0.310640518772226,1,19270.123031905605,21.983532759948034,1
54124.42159695741,0.3395648029272775,661.8982540736218,0.4324183617117682,0,20075.54448204213,5.540625465882893,0
38557.33957146281,0.39077702893885163,753.0452856209747,0.48313319398662347,1,10043.585879786002,6.56623100409546,1
74287.92965261318,0.4052262367322076,626.3826634303471,0.3716563808912336,2,8599.490106745308,1.4351727056996975,0
99945.93061495989,0.4693220561749182,687.4091861254151,0.3268486561904939,1,7774.115007423211,2.910842905480906,0
36467.705611413956,0.35992618422358263,690.4708051628287,0.568914171943296,2,13270.523791199881,14.07588598514268,0
43250.73191829615,0.5192194394362323,770.1281498104954,0.4570411852731515,1,19894.432840857204,3.9545543242541297,1
64708.96736619861,0.38712954077119094,513.4690154932578,0.270596675609708,1,10913.665823454232,18.112361657227233,1
92222.32296999241,0.42490211269634387,613.3273380357474,0.40754457933644767,0,19255.521481248135,0.6208989771304172,1
35552.51374920194,0.2500084890155304,717.8812884310803,0.4766338045312386,1,1000.0,40.0,0
64980.72244613884,0.6090390812845801,773.6717183822918,0.7436474482902763,3,12301.029586173252,3.182099438186581,1
96425.97701626217,0.40637899078459594,669.2057210113664,0.5572647336583159,2,23169.961573280936,0.48182110906356407,1
26964.817036414657,0.4355596910414119,626.5836668462811,0.6429113711907888,0,13803.20097676945,12.794285700478037,1
34378.61586308336,0.157017702654615,710.5694694939556,0.277878520740074,1,9195.994546836833,1.2617555933149043,0
51527.86787078324,0.2512757572305079,719.4962140185346,0.2951634187489995,3,10402.09744503682,3.399341102020391,1
49588.23174289178,0.4985460425502476,621.2270657066155,0.352924001437402,1,1000.0,0.5521924516194032,1
76252.02575507289,0.38442693419511254,676.4245849742038,0.3712854706723672,2,7917.386207116555,2.8918053429720887,1
64833.19439641676,0.12034643182052887,744.4421809929576,0.19839500843942193,0,22400.689607588076,0.5346919698045876,0
24500.758807157436,0.4745947914780583,801.2367194619561,0.6531867253113637,1,10921.780631726378,1.8460418404325396,1
70308.20805801621,0.2847460634776732,709.4083967388234,0.5766703275517584,1,11748.189465991421,2.3217691444324324,0
48449.22225288699,0.5193580383052054,653.5311117332475,0.3388644277396986,0,1000.0,8.649236006797087,1
85488.94433882477,0.339459718567556,645.6739859169674,0.5283421298027707,0,3584.135448212064,1.9182143564623249,1
47448.24927126161,0.3745648023224636,694.5917245754898,0.4445798326007676,1,23330.344250198268,1.8514177793590367,1
47267.69433795528,0.4914745494309978,640.7461726016439,0.5439655961862749,2,19321.058564630926,3.4635981875541204,1
70822.63221609063,0.24230084349744052,665.1712399217911,0.131138575294874,0,5917.926779923981,0.6464542553958472,0
75258.52964673874,0.23085838305992723,565.3698988375301,0.37086778536051307,0,10585.993258987459,2.9173621393106948,1
68961.98727872407,0.3264201895522271,753.7645757192927,0.38839229441884093,2,14795.793599008517,2.8594757119862413,1
26288.05365230384,0.44926073595454663,558.7852218281057,0.5247284199223303,0,6627.105874902707,5.562257516976251,1
70760.68879856502,0.19029472968638111,615.431059163759,0.2743124797635733,1,1000.0,0.5636941816906551,1
39313.83896651202,0.14983584801330838,657.8074608681451,0.0,1,13885.527287923951,1.3422848722869278,1
64705.522231765266,0.44884651124525504,809.278950391091,0.18366005646341588,1,19008.259935212685,8.554760847180168,0
31525.311292018796,0.27764260249195954,616.1853612118139,0.3877904028578186,1,19143.00123810968,2.6720272753445924,1
68926.44295086127,0.302932878449566,596.7187348831683,0.41277684510066637,1,21126.661698795026,2.874303664863479,1
43868.02191385255,0.12718275176718008,605.9346466132965,0.7367496245249969,1,4125.099167541235,2.654188303197331,1
34347.30699478957,0.2685224822777621,782.711773408905,0.5165492881316198,0,15405.313368788571,0.9087909865088216,0
74276.40272964799,0.3490919244042619,425.0122405195183,0.4163060558462979,1,13120.840450396148,8.73125321882563,1
64832.89043353502,0.461645342914747,569.7809590281131,0.3935217446437125,0,14389.455201519653,9.489656495043457,1
47720.46397214205,0.25745238005184334,850.0,0.6208366764339386,3,13517.528564561038,2.9986695464064144,0
89023.57698042129,0.5488851344278995,697.270565879331,0.2819779095685124,2,10376.862735747389,3.022595909998727,1
51186.95156860515,0.2678532770984239,561.5212040528625,0.37194324245188026,1,1000.0,5.546326194007479,0
60642.153479418695,0.268028983809779,646.6465614260183,0.18214837597233968,2,23132.803143994715,13.72424811803455,1
65378.26895357202,0.5344829062277362,655.3963652854289,0.6837812097390608,1,17309.93115832562,31.90537664799841,0
47606.68131742773,0.37537521828367004,717.6900196724484,0.4784997874003228,1,4609.971487244447,0.8545633492919723,0
69422.72586799858,0.2837570325186108,797.160160225805,0.2584953407992108,1,18311.921570949286,1.8176511310602845,1
49330.95305670551,0.33138402425832875,681.0841345023373,0.37710899793633845,0,11868.86635098971,2.170742988235064,0
51767.23355567582,0.5123688293050471,606.8169357589632,0.5019301526412561,1,12067.19378507589,5.062797882641559,1
87252.85279606681,0.5259443383550818,712.9667553678563,0.34985621745554496,0,9621.097789576772,6.957685563433486,0
39188.27894975134,0.25198481848756926,594.1397842509712,0.29310587565747986,2,18758.513308565853,3.580597337471321,1
15000.0,0.344907942790507,567.3330003208777,0.2691452628031337,3,9401.234999386608,0.5197198349362848,1
92218.73990023788,0.36081881932010873,509.2072902434844,0.467792379848223,1,7322.157197365798,1.9234202061216366,0
110986.55905214006,0.23165118673800827,524.7897284399679,0.328389144157863,0,22922.213674241968,7.960598395326678,0
51894.61469101336,0.34331779368200066,578.2843875100582,0.3092484530474508,1,13747.830131632925,6.65439685618066,0
21263.239187596293,0.350638743254204,555.7768185839303,0.13278764898891887,0,13967.595270054544,0.31257829136485976,1
53790.32047608113,0.48682513747240824,675.0589221899774,0.41552811530543393,2,19847.248841936656,5.231326091381164,1
54275.54100318662,0.49489100339734404,554.0478539340772,0.3637553122416184,4,10326.893094076766,5.424711712992217,1
56201.52317955486,0.310494872196919,398.5066958380205,0.3356703302716071,0,11722.9277914718,12.631767287843502,1
37732.23916156303,0.32432562273670257,566.4870580328427,0.4397541354977437,2,17140.00688805985,20.975157734614992,1
71591.22284952954,0.42971507624667626,612.2512281822865,0.5496004525471796,2,4210.356782753639,0.028916838318072853,1
70490.14750572172,0.2797773861287586,601.5640409702428,0.5403130943880937,1,16547.693327377503,6.333470852106499,1
30111.887603613868,0.4206368182084883,771.5619743447347,0.5105457001799526,0,9710.01978573043,5.024371749098362,1
73983.93463389776,0.33945122151569423,600.916595256868,0.3518659442728558,2,20988.30814718604,0.04665121266632332,1
101053.69963891781,0.2336721706713655,720.4738770559359,0.2866003328117516,0,18826.643287949362,1.3729136134162743,0
63439.206648741194,0.2351795944544424,648.481392025531,0.19121687173551255,1,17901.83849882521,4.306596701963708,0
53253.49675862988,0.5236470435237321,646.615621946192,0.2813686985323836,1,3751.2894601181015,9.639042022898497,0
57159.935711849575,0.3312294225028041,583.169576892157,0.40393001902731396,2,14276.232233783261,16.24505230180157,1
72305.13533937122,0.5468424912677973,645.2973878735386,0.24274277566950347,1,6759.134077100058,1.6569458747892398,0
25386.567889855636,0.2883636487142108,588.7923098482066,0.41921142782348864,3,14741.952679160817,3.200791979865067,1
63287.81405954604,0.3849446241357792,663.6019451403656,0.20690866441762715,3,1000.0,6.209103024255914,0
52190.7210107438,0.637121206762189,631.100029390105,0.06780162219859559,0,4214.174121373302,3.3789842070441507,0
96956.5002591209,0.22311359064040648,574.429765344672,0.563881224172959,2,23323.235261881313,6.19213645027767,0
56516.54532390084,0.12226226001202681,729.3515471760476,0.3051170809268311,1,17583.372232045924,7.774404119219648,1
93357.7522223904,0.504390815754468,684.147238401714,0.2325932693552218,1,12523.28906764233,9.67143555763348,0
37925.186044359856,0.25078290735283115,614.1549812686202,0.18123057174051233,5,8638.796741196442,6.211163741694,1
71745.18333605584,0.34751523630725195,661.6394437628248,0.4846071949460801,3,7410.222576890348,5.7778043082133586,1
66388.00527582457,0.2796898147458098,643.2941982798429,0.6749815422935934,0,16401.09028561968,2.0363833745782793,1
42619.05504270435,0.3821795337146379,580.5927250189382,0.31938522779877115,2,12594.573832853577,1.41289160355797,0
63547.92229273881,0.23593565513771092,655.6396983216931,0.35688732506748366,1,25826.530283220935,11.82185222786744,0
84250.37673663201,0.32840718945400327,600.3190596154101,0.6143263679778145,0,13706.65395992755,5.497087642266573,0
53524.165914267985,0.4039778391867841,574.405293150392,0.03791085912833758,1,15411.043445711735,5.563856293667936,1
26160.747016604735,0.22900293364708854,520.178613578678,0.7933737285825334,0,5280.475723612402,0.5030906506553082,1
59648.74347045108,0.2659899164424933,621.3114117169096,0.888820060465274,0,12475.105423760022,6.401072926357787,1
41951.538104149746,0.3083140599681762,695.3576527666978,0.0,2,16238.939835475903,0.008151231794571525,1
53153.18122672235,0.1785421478928466,594.4272517296912,0.3804993542166486,0,12390.500021507693,1.9268093487740305,1
58368.24460629758,0.2992926820641504,850.0,0.25621059362608734,1,11600.600264980374,2.1882087482227575,0
25886.955679689658,0.3642555847883482,720.8548522922185,0.34704564581905323,1,17288.36737930726,7.33463899223292,1
27686.83321358644,0.30205412700938855,754.3464106128382,0.3163229860768153,1,25603.762970926924,1.9763176731779897,0
69641.3367105105,0.317434820848193,713.6194409659007,0.5623518196958717,1,16014.78559215479,4.82536463419407,1
49545.62607660639,0.34761179949120974,798.2291979950858,0.37748601860640185,0,23009.303984311962,5.21978095522403,1
15000.0,0.2713107845081223,587.0398413221966,0.2178185571600087,0,19351.216642631476,20.15096508075412,1
75696.8807321627,0.43292750790402523,445.1410091473103,0.3655629677409752,0,22590.473622674956,11.560099527821016,1
65447.3951054848,0.5223173749762131,614.3099513317693,0.5029568473924819,0,10731.960536573537,5.8126868170565595,1
45722.50351927032,0.29427435293654614,694.657486043803,0.16325573444694363,1,13551.507535109187,1.243745730424688,0
33663.39577883517,0.4082237877773248,662.1213577398382,0.07075326220600392,1,13580.585004647348,5.252244069217241,0
76716.15792628675,0.32124594134784235,672.0378088774227,0.7985485601670641,4,18823.94065594783,3.5053220496183553,1
66987.01245120859,0.39385848140462054,755.6728002135898,0.27151466405831276,2,20546.889755483047,0.34851428402006895,1
107652.04565368147,0.5378935437443905,680.5646059569999,0.37252940261609546,0,15875.393337783238,7.039931091118405,1
68403.77197449876,0.4110391451621718,713.9130342072817,0.32044091883488546,1,21136.946041631047,1.8700612535401442,0
67754.0628252403,0.1371902553428383,574.8349806517792,0.5096175408164284,0,11056.67966113039,3.9148843468638854,1
56661.4413978287,0.4044794757736351,562.368504862717,0.7545579846182088,1,21197.642870293876,6.415380187178689,1
76335.51734401583,0.4979436491970811,779.129113841959,0.5159867683458569,3,22110.666095301072,10.43184453421593,1
72501.70402496308,0.3234084596002277,658.0721228117654,0.09632697049200178,2,19742.474421472645,5.034422387538297,0
85034.5001713039,0.4694761767341399,600.1416653243092,0.12317531459829406,0,15939.188484368491,13.802601853376702,0
49573.54162725431,0.26718613506176647,600.2884405162306,0.3202070449346167,2,19993.263326834764,0.2024961757124431,0
51291.85054112075,0.17173530085732713,598.0701502689394,0.3463533600933467,2,8741.968743330573,1.6781148175559504,1
50417.9365817604,0.3669402822599168,593.2832783163327,0.05560974609067987,0,16388.53585052146,8.57907135081889,1
75816.03442357978,0.13922279351044228,547.3481757917073,0.5638681840348881,1,17103.57333777586,4.593391810399222,0
89967.48880593464,0.32122747845276894,529.9663678223593,0.1827358884237043,0,5693.390357939605,2.515734865512706,0
50823.19013701399,0.5044210715174603,634.3996497876465,0.6986603124251511,2,18322.089770576644,2.2882759699256763,1
51504.52544413818,0.12082845131044628,602.565930374368,0.7641265194411442,1,6258.268920227292,7.093981038328396,1
66281.54447739599,0.19646038449033223,738.5727428354636,0.3503492934735646,3,12004.571914633983,1.275810472036507,1
55084.76999974197,0.22615613058061068,673.4461322613533,0.487794528083637,2,15278.32671493409,11.847422605872367,0
79041.0730627978,0.3424016168346848,671.2254144062387,0.1536105555831597,2,9884.845307570355,2.557251489304339,1
15000.0,0.30611398572245485,590.5503673956439,0.5247352652958229,0,15577.878270342228,0.41588161803738305,1
43465.89906166211,0.5178963658035305,640.3177267376019,0.300361515313126,1,15465.898933053539,5.9548975583253325,1
44351.673320771086,0.4645217994910037,678.8800882905152,0.18255293568232933,2,9258.728524488113,0.5484976233577573,0
15000.0,0.4094327535282317,707.295659177014,0.3421330023494032,0,18975.821211770315,7.796094025970461,1
40727.23111262392,0.3674756377212662,642.4886538785307,0.3068503983189274,1,9650.904476856378,2.49351076273791,0
41696.877683081475,0.39718757323817927,736.3299023459367,0.33496811939924914,1,31015.820623142863,7.6806772829616285,0
55977.906909623394,0.24656211736239497,650.6391447126355,0.5899359805632718,1,14233.648236685767,4.950901383792291,1
82259.31783320528,0.45286524242679344,713.4277694814144,0.24293848147285346,0,6800.940985069772,2.12739697985159,1
55098.786976185955,0.21655468947689585,610.811823312868,0.7470045999547752,2,8109.607636503596,4.449827091362239,0
39383.72559457693,0.45024523926826765,504.99293067450867,0.1349880734349293,1,23033.06325288811,6.6182213065474285,1
58860.90917572942,0.4923371002542597,671.4687190414818,0.7230860546357192,3,12135.938451970822,0.851927581034137,1
80983.472428827,0.37530375225057044,708.02592505173,0.19669787561866126,0,5453.653345190221,4.762836033953322,1
40480.823677701905,0.3288544329245629,696.0277865446055,0.39979735349267687,3,20975.989229894367,1.2170093916893345,1
41788.502321571024,0.3980371889971608,683.7749329149952,0.3019607773043961,2,12090.98278555342,0.6853283671053865,1
71170.97918548447,0.01,622.113042723601,0.3312542656924291,2,19573.93657783546,8.809965629014716,1
55569.27768538399,0.38627098621825534,585.4602998843526,0.5602714472711098,1,21548.96217959289,1.789766097399864,1
72949.6938141895,0.33639752025922315,694.1382615235025,0.6999653594457622,1,16921.24477165981,13.174155038005221,0
59727.06416409407,0.3439246264331611,684.115793295862,0.6381049409911285,0,31771.351769797333,6.603462585503012,1
74033.27296179134,0.43478390154773927,605.1280727324939,0.31902873353163047,0,2926.802549467433,0.7446536207603867,1
39298.43771918718,0.34102772941223264,738.7539351353646,0.4368510444809107,0,9274.34947309734,2.8842617397898254,0
59758.30698423465,0.21317517720186102,579.370758836192,0.2435844252663276,0,13208.3499677723,5.62307850183979,0
55786.19971273687,0.33303167950095464,603.3181296967168,0.20168993748506103,1,30828.214700256853,9.494350038512012,0
35682.18151791739,0.35810665808969894,780.9140169873332,0.17073981885426626,0,27586.017290715485,8.588874030445396,0
28730.441042626233,0.36379206938972153,719.486555018713,0.3124853386031742,0,24020.83607175741,4.72111632155814,1
73714.98070549323,0.36943032407420817,621.3592555287182,0.4499211262029884,1,9441.132414778629,13.204151446761847,1
52980.95235564044,0.4747242853902264,672.990456771484,0.017636968049699053,3,10257.396821606992,2.2821260525321234,1
39554.394367053406,0.21967585363590228,662.3833795619071,0.39072925948384685,2,9200.07975401682,2.0025011032814994,0
58076.42126153335,0.37108405473978195,430.3508908018097,0.703205024909905,2,9516.01178371466,2.5697033906555617,1
82560.37714698605,0.5047915638341889,577.4820840421295,0.6243822138148251,1,25448.932250931823,10.548798383119522,1
15000.0,0.14184662036753656,645.9322706312574,0.28296318469466686,0,13293.630136229094,10.153703017425098,1
30067.226201933474,0.3715576016936064,621.4710818752555,0.1206254181434428,1,14219.512847492404,0.41585015959863253,1
41542.27116209465,0.27975457976323476,669.7682051864336,0.49196606129296533,0,20420.70750846402,9.892273470922706,1
89223.57733440658,0.3055147538632274,740.3585850358336,0.0,0,3355.304181762178,1.1754512410142388,0
65651.73965838592,0.24142309961426933,624.2771372276858,0.6220308231765355,2,15368.520748883973,2.1687789489740465,0
75346.34480922454,0.3296539141159467,565.3876163101709,0.3572825084233519,2,7321.8978992895545,0.1408733137842633,1
37196.78161747539,0.5709506737312284,675.9881326808836,0.7662600641154802,1,12939.09555609177,1.327805665768588,1
37609.282494589475,0.19826835665873435,623.8701333145757,0.05460690288470682,2,10895.055142285511,1.2639869802883346,0
68956.27433445421,0.2096467997025407,637.5149199342478,0.5836292450415667,2,10534.1347777812,3.5174931840817303,0
61165.48661870893,0.19376785158037943,626.6581024677537,0.3798982326371603,3,16579.072646944554,2.483260102485913,1
70974.77637728253,0.5572901943953721,829.3470240008788,0.33378989370558393,0,16548.49381674758,0.31464174026236186,0
56246.58018143096,0.29451923533744556,470.7436591201644,0.1260313069575711,3,13461.255875362105,10.7005395341268,1
65562.87452909254,0.3469233127582791,618.9332877493883,0.5191495813423433,0,17594.790400938095,9.12477862715316,1
63162.38169810218,0.3016660470672512,649.7048779481287,0.5352274769553715,0,8919.698214025157,11.119238372673653,0
75555.34778169851,0.23666925459162902,587.5086006173777,0.7570255603931779,1,19771.101083275993,2.483163963211247,1
76140.16563888942,0.32178192240626774,721.9860665702627,0.6016100525721185,2,13556.60684489676,7.604610606577697,1
27602.560112164603,0.6449892326883871,715.0606142975712,0.281220934208853,1,11614.35506503472,0.8143815244557331,1
15054.62889318289,0.5170485105169106,646.1796305209167,0.19922748327649706,0,9436.68831807913,6.209749530722758,1
80034.90795303014,0.2476474618649273,628.3460995725045,0.12630171329552276,1,13310.217776733229,1.2038428440670566,0
83754.50186523874,0.4277088923674023,641.0434532614682,0.6946448691278941,0,28094.47479792146,8.72564728802993,1
39587.539609733256,0.2502172672800348,641.6170677081751,0.2443651431444268,0,14556.803609281873,11.163595345625282,1
22803.29186908743,0.13683588333845348,643.7301577499389,0.6960459737942615,0,6989.1752469959265,1.0486609893971617,0
61980.69642014402,0.4723413101197555,634.9600718786561,0.5050144081724134,2,21431.733467495324,4.816727045495743,1
78616.76452701059,0.48921114159722606,670.1959451673914,0.46598057631879214,1,11696.50094945772,5.736541379927723,1
95951.89044868629,0.4755262701257479,710.2569651862292,0.33862633748794035,1,16986.313030467292,1.5039868383336008,1
70325.95144202902,0.29361617009365126,551.5791881921139,0.5321345826004502,1,10760.376147013954,3.3857238297213814,1
52565.666068286104,0.32998691191976165,565.9468880613481,0.3969058474326396,1,23965.41321300219,10.934342570601308,1
42137.38756830274,0.4399718664389748,510.11855764131815,0.32615734170623795,1,10864.68170347825,5.887328523517292,1
60229.025833413085,0.3969795244817728,719.3117920286079,0.5392009573296401,1,24785.005850042755,3.6637181145934523,1
54014.705922294874,0.30276350344435465,670.0258634552371,0.37120557815577393,2,7655.175908298495,5.736990179341563,0
39698.641885423676,0.15571138158582024,690.4214012746216,0.24033304425223465,0,12949.655299991642,16.130463466856245,0
100975.11301726574,0.3636650232970414,535.6401409309225,0.5199653550921303,1,24799.970501347467,0.3369386647862863,1
95703.36804144262,0.4794811567083336,792.795849830411,0.38720286887428695,1,16177.219573469372,0.8697390439216623,0
82720.97367110857,0.20628940531590112,601.2919273483714,0.49778200235156095,1,30900.26159263943,9.167994834270877,1
41582.992043817445,0.4266511258011172,663.4564645689005,0.30922802832916274,0,13116.01685533388,5.74330648487578,1
77100.38648594558,0.3897850034160431,718.3507728542697,0.15817573906380883,1,16799.299970724715,0.38215396694244097,0
72792.52818995804,0.44001779158788,571.0416195363142,0.7470147925028552,0,28336.044904341725,0.5476753554615605,1
68850.91248408105,0.45463705996628084,606.2940513189867,0.7093222821527149,3,4402.537482804122,7.741044816349842,1
84993.30534087555,0.2666641709689576,664.33374196807,0.5767569922523923,2,3535.749767729236,3.5670754170073558,0
72707.42285722555,0.15596487198020645,850.0,0.32243786292514537,0,9431.442759534144,6.970205972195075,0
74800.28472608671,0.28597765691805443,674.089979428162,0.3399364053677855,3,20693.60882631328,11.58446824654501,0
72738.1256674442,0.45669527810324084,778.5088920504575,0.676465489179293,3,3731.0417166764273,2.455811070284141,1
66815.82816004212,0.2849595315768835,746.4538516153565,0.32923399248651736,0,19179.34339593414,2.544064717925387,0
24327.777405716333,0.26671480113708296,679.4408029195615,0.2734887927305405,2,18686.946861422253,1.2816614896841863,1
61672.42154821115,0.13143795896904337,570.8643382695457,0.7744469351272907,3,29100.7316324137,7.5648906857220855,1
48876.1608230175,0.5603177065461127,734.7802888654588,0.39046446367722554,1,22318.394478586608,0.0922721767503332,0
34403.18084719959,0.44908563697103715,530.1511726681563,0.7536850657027692,2,17548.35166248443,15.476884598954474,1
93636.33238601648,0.4423875177529717,778.0700098941674,0.12032161786199963,1,24513.930546070722,0.43558604715037885,1
94579.90681771407,0.4661270464135368,666.0004246574604,0.5036369765569004,1,18772.327587804066,8.58690904454551,1
87184.41200591224,0.41920500338520816,437.9821162161459,0.8142165198433231,0,11779.509617609585,0.2730247921114416,0
65104.26833711749,0.3206805373784565,622.7595123974529,0.4059501489317724,1,6987.759560657969,0.566060838906012,0
87012.50241905314,0.3303483075053358,702.3158256738352,0.3471991015464408,2,11014.440774148436,2.1570673870887656,1
60241.06361203651,0.298692276248945,631.0380901568186,0.1664496164803161,0,14719.482878170176,2.6304769716857406,1
64055.94553795559,0.6661688905298,707.2004648794858,0.6164686108870495,2,16225.128837447228,3.4827907057669694,1
38130.57259076034,0.4167094437559331,581.9980665830163,0.2459743834718625,2,1000.0,5.2318182632746595,1
67939.8260899768,0.29434394703782785,545.5214101769914,0.3810382881220023,2,13463.077655532039,5.831648399311328,0
61207.718568488344,0.40585961289995354,644.2843677561916,0.15309954404147771,1,15200.072386846114,1.863587465580741,1
33946.957663310706,0.2286957298572419,652.5252533831932,0.7113789200194865,0,18832.762114158882,2.156470892902648,1
58976.05776366806,0.5305408062307072,622.1292519150143,0.6309770621451366,0,26387.606177544454,0.6792130906017136,1
58405.40872286383,0.27067170850314315,748.1832917313754,0.3936830501573738,3,16299.574748116887,4.853903059013797,0
95951.2233328928,0.4101302519146959,581.9834099888753,0.16917021288261438,2,8633.059866265972,0.9661312576402968,1
77884.2665702682,0.4779173155691761,675.053248586588,0.7071814098485265,0,2273.4443147896945,4.256421909359146,1
60228.90878182932,0.3961722253045991,655.43759769309,0.3268136545905706,1,19809.076706786673,17.252267855576534,0
64975.74619602166,0.36133639901835657,525.4627238291133,0.1789590318364963,2,8916.388483658106,0.9674875412224938,1
60884.24756208396,0.3512962501827218,544.477585306519,0.0475763975054912,3,21067.85884012943,0.11761741479529131,1
55941.720304089045,0.3432270683735471,650.9528812998905,0.27080697362124506,2,24781.94106513798,11.958146946444723,1
38351.456052234265,0.2807961813286997,808.4959998949571,0.10907237549401211,1,4191.476638145781,1.7423772226521663,0
56978.96244786141,0.2960619884276355,696.3415849519049,0.2754358326954351,1,18877.247911312737,2.8229569486765143,0
45078.03486694973,0.5275508448381122,511.9492139884294,0.548881746739543,0,24048.356872375407,3.3083626612991757,1
34993.689221537075,0.33697560407778115,401.160954790453,0.32491996720495336,1,22133.275276961973,14.730414010103889,1
70224.43629095069,0.2557044476740672,708.6442874403504,0.4711386764227422,0,1000.0,9.144248680665333,1
67825.2931986647,0.28804428837661894,642.302921365744,0.2553330680935536,1,9024.43568644407,0.11044875124271548,0
24265.849772638445,0.48204448168366676,741.3012775608296,0.4130338132728463,0,6038.736459747037,7.878332604168351,0
57546.30725009745,0.43107279597973736,579.5425663430847,0.7841801644172043,2,18664.309286029355,6.044013007255286,1
79914.02771799847,0.4172395013878708,678.0169998286821,0.3303027843946207,2,17893.286364398482,3.0809591746827407,0
81184.47477792641,0.319097456130825,717.693877042229,0.4768858875239318,0,1000.0,9.659010423233367,0
80516.73685770477,0.4188034964207534,614.2029089434815,0.08689455450631234,2,12894.178650705107,5.600485510985841,1
60778.2641380292,0.27277266500592223,615.9131543815148,0.7040212244833741,0,20605.03881238775,3.2020652034839037,1
43099.093440616976,0.318846316238507,652.0210264878713,0.30455867421102695,0,16035.831938568856,1.5003725616084804,0
38326.02345283879,0.46637653848700944,693.4141077248263,0.6101067299813002,0,16023.86843649903,2.7301854509749135,1
66892.09809500715,0.4549133214702877,648.8532796390472,0.37536394084821895,4,12445.044192969024,9.566546352259468,0
67585.60068730326,0.2321708184859036,727.9197070207589,0.5223158730041613,1,7587.413412477251,24.182472071064613,1
85746.6222321013,0.24733682565097087,613.0451848586376,0.5342024854422002,1,14880.609232766612,1.777563702170256,0
81999.59300684166,0.3630442583376091,543.7283835629512,0.30951193209745664,1,15364.654158645872,3.256622812407346,1
57355.426869376555,0.5571358849603412,808.1580294490544,0.6183812871523704,0,19306.78164233069,11.429456683388086,0
35115.88242278261,0.12013218026372069,601.6293010766043,0.2482030272013801,1,19875.499470068233,10.315192368109635,0
53617.86805978204,0.3833999527484605,604.5246333025802,0.5555868440055086,1,15601.029934142689,6.234375475296825,0
64344.62389621049,0.1848748002112222,644.7357343142253,0.3219589411666938,1,22664.35855209382,0.9833444764675499,1
55958.33509221192,0.2738802807769345,655.3744887723185,0.46991158972641206,2,12375.527323049604,5.2144701477359545,1
48442.11783844688,0.306268589832291,619.0653086009373,0.30760139952914783,0,4891.828010841866,0.3375772172138231,1
65057.696299397976,0.29953899878757306,648.6052882440792,0.40999519494131914,1,18339.37568592744,9.519815813347293,0
49920.84517178779,0.28594448724089494,646.8190214857461,0.1850612596616466,2,15884.656880724784,2.0574291561323412,1
47438.678325492525,0.35086484724516437,663.9855461616645,0.4495113969377589,1,18478.520609759045,2.9857242137494318,0
66229.0566860688,0.2857693320043306,461.4010032810147,0.4088375669919172,1,6148.840562019504,11.996298725041177,1
51960.148397415905,0.17450511381750167,800.470104560628,0.2919692891855055,0,27535.572620277315,13.748790153580002,0
64882.08777956704,0.4435843535027332,638.2169349172354,0.3889944067219408,1,19973.51689564549,2.630807188224904,0
65464.08045704245,0.44034466005786566,696.4498095557589,0.426800895233582,2,12984.021763006118,1.863204294585862,1
37211.4199781685,0.45118091720272024,539.7518926772781,0.2767285893469776,1,8451.827978247482,0.7858335584199876,1
50375.17752269175,0.16511186044831017,612.31997910006,0.3742482848540662,0,22540.073873025744,5.686841080107418,0
88755.53879832925,0.38587017831009807,596.2147306943668,0.19888961182101583,2,7287.611525553006,2.9727051797349233,0
36758.40974531426,0.43111746269683077,767.5779011606836,0.8691466077922015,0,30829.55377354449,1.0150646157595995,1
17666.91102058938,0.22625575178724977,603.1349114531293,0.6118237320416371,1,10707.565420704683,2.3601387538958916,1
22763.09693514977,0.3511007897818555,710.6463989552074,0.45461882112631025,3,27043.53650223928,8.118311356177735,1
60582.198931533385,0.3360480025627561,597.9663637861444,0.634422585495339,1,13708.683504490988,2.3956684148101814,1
60618.34556065398,0.5710580790281916,613.7904848276845,0.00414950466324443,4,26065.226961742155,6.917631515051948,1
57647.78289149758,0.5809395244415088,630.3559867839451,0.0,1,9855.920452214388,3.0200553164051107,0
84283.79657857004,0.1502772328003759,752.707610146344,0.32014178765001877,2,15131.854649826899,4.172766944209194,1
15000.0,0.6492712406873586,498.8117872775905,0.12428717127957822,1,20633.245311193965,8.328008092991729,1
67918.67748861648,0.24017291346160113,544.7469155780454,0.3526788951103342,1,19634.539956870758,4.887190575632357,1
91228.76403607146,0.4676807953192911,494.2155867448147,0.4411313281189798,2,22705.332835605186,0.6623017817142869,1
37444.38470216572,0.46645975770364767,562.999830419084,0.5840828996681223,0,11587.695196389048,1.8288601621339882,0
52403.8697642021,0.23051717277898318,585.0719959046314,0.1723472031449573,1,15593.658609948676,6.975141299533148,0
44942.16165542758,0.40919213526069187,520.8414996727689,0.4799261372320144,1,23738.7200319865,1.1343140611298526,1
42113.079078449424,0.3370959506880723,591.2681802708265,0.4028779386304465,0,10063.211487967339,2.8831851333408687,1
53474.7598995392,0.4165196005558869,488.8228415253268,0.469501861986617,1,19007.787427828815,0.31437248924075295,1
88549.7056736901,0.37768067628567503,568.5609020985855,0.2960456098492801,4,13465.878321555749,5.494093963432947,1
96747.7335097504,0.4935607382444296,746.033631992816,0.676627027972424,2,16441.11874607824,7.448363336542766,1
53281.215499197046,0.35904794517752747,682.2870456224882,0.3792982703140548,1,15591.851514901138,3.3855632841481924,1
98101.20428128939,0.3298551116688426,664.9974137738022,0.7548364447007538,0,9482.01794450525,2.415753863120451,1
60711.5295396925,0.4815277079668616,569.7777154976709,0.24192226926355528,2,13175.147655142866,0.6908233383287653,1
95073.82053402162,0.4196475157830324,527.113203276422,0.5485654679911107,1,16014.525764536942,12.332863092975042,1
58134.02700693016,0.4378176073185065,558.8675139572575,0.3880663038878943,2,14280.932009015098,3.5970193416677034,1
62621.15652092289,0.27024959932896836,646.5432138483188,0.3344515166666473,2,26009.151648559673,6.612911403701496,1
67309.4894528567,0.2245684662321831,719.4541423781335,0.5264630680935094,0,22069.688897714528,8.5192134871831,0
123577.07358735071,0.2818733428096758,722.1893933708257,0.3401653041620821,0,17029.863489454478,3.61086805049713,0
77025.71149689578,0.27550143371832936,700.4489889986667,0.0,4,9657.976720963485,2.9879590192826093,1
45854.70940097073,0.4443439122383497,590.9954508745644,0.0,0,9231.838356714326,2.727998013778959,1
79379.95740551715,0.4671180860352862,651.9639865923191,0.6544844320568098,2,28816.677246962874,6.331646733438996,1
52763.349258313174,0.3313843652561119,624.2925975970203,0.6460516915759392,0,7930.80194749464,1.6323071378163878,1
50204.99634197581,0.5217102822589222,633.90481892042,0.7774681892511894,3,15797.017327053667,5.272462096847043,1
78172.02719784222,0.5142163272518155,812.9702317567851,0.39649435034356456,1,17526.641000440755,1.9765521004001905,0
60621.71175542306,0.37920786996806466,509.039981039711,0.14147303960042173,0,12820.734439616857,14.100817698311028,1
65571.51829023613,0.25137298741483516,631.2258547262192,0.3160832314697997,5,7984.573647958485,3.7263873601070454,0
60279.70443730585,0.5390451979322648,746.9399125756926,0.40228490307226256,2,9505.72352695459,11.37958185936318,1
66731.66253210869,0.34267791787659097,532.7286803973169,0.19859235514297816,1,11174.464983871801,5.011062814558458,0
68499.31794872298,0.3651398235717169,598.5002059787,0.7297149445947734,0,10033.549916315547,0.14208742922261003,1
21260.66134589169,0.30924739692721176,607.6769201945889,0.8479005759287475,1,24294.042752266512,9.246023300280399,1
73331.45337219068,0.24322516084433626,632.1368222356813,0.49565614014603554,0,14936.118045691599,0.386702034510791,0
40359.61160339399,0.17376326836216496,522.3234272315026,0.39782725066036084,2,11333.392291966715,14.838686425962607,1
31154.017288811774,0.4259441988268745,697.6228848270432,0.14100660430511358,1,15748.706307070439,2.7770124619343695,1
58831.77512282635,0.25599187353240554,703.3029826010516,0.7092867792312103,0,19675.691337064403,22.201084599358264,1
61679.620066289084,0.7171437474796187,690.6700260014359,0.4152613621698093,0,12587.662057596941,5.836484876121676,1
46129.87670855438,0.2196711700865025,580.3701060567134,0.34216712031787755,0,21313.869066231407,2.3450772573105847,1
76620.63715335948,0.1991141030022356,656.9208632629836,0.4962348177349076,0,6101.972579504089,11.518132393576646,0
33156.49667258186,0.4112166458736129,578.044780834473,0.2828576942021629,0,23199.125424814898,1.8362186232716948,1
51861.12502454882,0.5335176174760754,623.392267138279,0.4293750346243637,1,14937.333621594455,2.6414021354751727,0
48302.51730133999,0.3577507588331866,822.2774341736703,0.11150662983086801,1,14663.9135377379,0.011733887019025075,0
59068.25459321321,0.4186690904224729,657.6556302077005,0.6174174378504869,2,10148.89972874603,0.6227318942690934,1
65577.28569294477,0.12877430990495484,554.9978739210261,0.37911779177286536,2,6405.049086406105,6.007613622384152,1
39842.141007529106,0.26869861451698795,664.4268272531131,0.6317601721268025,0,3333.296449292264,0.349366007523465,1
74485.65354912456,0.22116611250349194,541.8563259149353,0.35977276443167616,2,9660.563317351498,6.663785410221166,1
61260.047366693994,0.12259449800625427,554.079168598799,0.37276005824320435,0,19113.71254421647,4.473764379421062,1
22161.07493376179,0.36403762808286644,566.7101491240967,0.1575365143416085,0,8271.051043867366,0.25472123432450255,1
20828.17119205938,0.08086068540674796,614.4552438243453,0.5519513946036286,1,4160.862699929836,13.541372411421943,0
59753.614141413775,0.19133648406950612,724.9575196471361,0.2248320091953817,0,8636.542824135493,0.19788199667243717,0
55580.65364427292,0.2855367447183898,696.2718558413471,0.3027155253601543,2,12306.166777469794,2.2937501264444022,1
57931.59772850733,0.25024569968587085,691.8396262597863,0.40020943721650737,0,12581.49144136353,7.584341538047433,0
59440.35086939564,0.3975690202648481,562.0860347527566,0.42424483673787133,1,14097.749642300649,0.6248658441048451,1
64511.19679020361,0.38666962302829755,606.6948515651482,0.05878061195644818,2,22228.24442236315,3.6618462216828678,1
78952.99219696599,0.4572558495122548,671.760088550655,0.3538388269023967,1,23744.781066640426,5.754789894291763,0
37777.901981648836,0.44028604792552134,599.734401168927,0.5590460437287427,1,29038.237537725254,0.7137737539602196,1
36560.568141984106,0.48689753472336567,627.7306847759121,0.3243323930952195,1,3625.648783110022,2.14041071198872,1
38133.52284225235,0.3497697919989135,685.308695402396,0.3550536491573357,1,9008.812557645659,0.3276523087177386,1
65778.33334337414,0.38641602809800035,622.0981855038958,0.43248121016854535,1,19889.396099418278,0.5111033246491088,1
84898.94757292891,0.41138164423030293,668.0847671281621,0.3748079134906002,1,11821.781491324824,0.07190761179757395,1
51373.21123520979,0.36699880368692306,777.4182764815655,0.19389689952247913,4,21025.505288944623,5.210970978607227,1
15000.0,0.30233668280995113,636.2512960810402,0.3927307752666191,1,16449.794010803787,2.3886451374133824,1
25920.142747792488,0.3101068958792276,744.3470247775365,0.5988146340011793,1,26054.429470257593,0.010841064665906095,1
43339.26554407977,0.2518929922004041,694.7496053845887,0.1897648105465819,0,22299.012797528805,6.5484951408517915,0
48845.422250095704,0.4005940195891795,532.6206405210587,0.3251036221028364,1,22427.116385912872,3.074093709592784,1
51832.22745490547,0.3387181791097813,561.8290376589181,0.12367373521298458,1,12116.89873914413,4.825298635415354,0
60771.62245961834,0.2704191499235882,583.3123293544083,0.588276390098069,3,14317.774078222097,0.732302481353202,1
53765.073383551055,0.27053062168104886,581.6132066453773,0.38152835863242424,0,12863.225797028508,0.44048772642041073,1
80986.79221086815,0.20475215266606536,642.7768203114549,0.22996007327882736,0,4458.754994450652,3.5313871946851947,0
46479.653886372624,0.46746096094846395,699.1715238465458,0.4184531200286355,0,25302.384788468727,3.23345174027186,1
42753.64081048914,0.3594341203438145,750.4126733363778,0.15927995702090947,1,20217.711161902487,9.489657470826492,1
69577.51077040924,0.24646399765120758,674.6540070980066,0.19330089370791873,0,12584.810131433436,5.458227063766158,0
29287.158601477615,0.44702572995224216,614.3456355157432,0.1079732940296439,0,24132.147552219812,1.6854137969818306,1
67793.83410640004,0.28274614282467525,483.42070050961007,0.18664415248852004,1,10587.426472769912,5.206444842578776,1
62051.063674525336,0.18121992475853207,655.6471660333871,0.6714675167999613,1,2133.058720813071,0.2511227056115596,0
57051.15020163665,0.4725466747062959,652.0616154955993,0.2533763337434808,0,22051.588270255303,6.923097847759957,0
91765.52214298525,0.2855483612520664,664.6343002831167,0.4932450245302958,1,6050.078368188018,5.794486541213974,0
47555.851094105645,0.30093210917494523,818.4992238162666,0.23273971600881568,3,13629.571740632116,1.4176946867405933,0
101205.96341048158,0.35494160244190126,749.2477236954458,0.5519067491526439,2,16442.86128548632,2.6657157124270467,0
55491.37101543802,0.48711070673481377,712.8048734599988,0.19478359981373689,2,17698.257413171334,0.9265642769192285,1
34459.67110059544,0.3524044749039574,573.033829594272,0.4078455855523513,0,20938.807393426574,13.104935588703448,1
61398.39161989651,0.20610594486257236,608.9604200642605,0.41057026197378976,0,19065.959983872584,1.0916979120416401,0
38475.095993624636,0.4152652404934616,642.4124314457198,0.8655610672853183,1,18849.247685934188,2.9494317296656867,1
44964.88304372999,0.29180123308859307,587.9674300791717,0.5260850575960331,1,9464.73752560456,4.975158050330203,0
67940.66600030982,0.5765508765835359,690.0371619988094,0.2814191971341453,2,17059.7049008736,0.04605017432271688,1
71111.6417730025,0.34986563336025317,678.5527079372564,0.5370097927301029,1,4461.150209649257,3.6544933271603135,1
47556.64599491484,0.08179574025216002,562.9353765556245,0.8276348940970416,0,25934.963889169805,5.45487403880653,1
79748.10290092802,0.39288379665868084,745.74533672769,0.07407278190314098,3,5182.046233272433,23.103229585264703,0
83150.15516042267,0.5833517350712274,658.1848267047088,0.23150359148625466,3,12574.921128705588,0.46402878743693227,1
88726.03513126582,0.5391104346254467,511.6743082606199,0.35262048817734126,0,5767.880326812516,1.2374848427539866,1
70588.26814251444,0.5697145146507878,645.8925713324024,0.3165823545716098,0,9888.835998940436,1.4641065817720798,0
87268.57424171397,0.22762877775422435,672.4965164738323,0.3334486603340251,1,15093.998908024358,11.161054098944728,1
22384.031440518847,0.4594582875172134,727.8233889148593,0.1391535468813514,1,11298.693310387987,4.17273197238187,0
53641.869027430745,0.2633606552315946,623.0018877498707,0.6807912107100025,0,23009.723807019353,0.9161799562779005,1
42659.89487353148,0.3769147279300309,716.2350613957766,0.11547828030467616,1,16588.307111739574,5.915834622979532,0
62384.517222547845,0.19724570855123208,664.9713589416173,0.3599574380755002,1,11759.631895399849,0.22320761742563683,1
48571.015616065255,0.27266530821407403,544.7956312769936,0.6091661183521396,1,14064.926490181675,1.4664814416279792,1
56676.84316100535,0.26885039631636615,536.7866581213989,0.3939630285708295,0,23537.90319939155,4.617153972071333,1
97643.49760408099,0.4578266336171139,739.8047896119479,0.2041211666194462,0,21362.096182991263,7.710450545766823,0
56605.60407159243,0.44608629460035865,745.6787342705416,0.13026486872520848,0,7028.603741892122,7.833281420920567,0
68275.84634380428,0.38321836751969846,675.8327384323778,0.3540001607944436,1,10235.438001022765,6.636346209268215,1
55354.61340151529,0.18794942983335372,769.6565376944022,0.24859408682990672,1,18323.5287307906,6.527102326990457,0
61514.26575913667,0.3126032679260336,734.5287879233285,0.44104621834059565,1,17473.566102189277,7.722613039844253,1
60120.33360872143,0.26046602204687286,704.6902983583777,0.11970977045516412,4,7647.329210208661,0.70069414023587,0
68966.48131946319,0.4543610908033389,577.0950809013062,0.5626071473775244,1,20243.886125146364,8.847865729422878,1
83306.15071094353,0.4913821823380621,788.5143000825875,0.42310990463289294,2,8763.881018695229,3.8257933698160844,0
92947.87995206658,0.47676627032370594,692.9041145766619,0.4379672788704954,3,24126.78741699439,4.426717302805213,1
66192.40163818334,0.2593736696699575,619.1328980310702,0.6882153556480034,0,18706.14409374735,3.652471536345052,0
71790.93772071204,0.021256025325262495,596.5383995755761,0.3124409003256268,0,7076.528845479951,1.3066075564539887,0
36982.70981628866,0.13796457222439346,670.5427025211086,0.25483666105335523,1,11296.463089756118,3.255796131227941,0
58242.46515168759,0.520595237369865,516.3152732129236,0.2904472743306254,0,11174.775698299632,1.587771090257566,1
78805.78929767178,0.30184940728162113,705.973862028229,0.3614946860953484,1,16119.137049116316,0.4193098975778184,0
77319.37276834306,0.25991304580818647,573.7143348244779,0.3818070210417343,3,13572.161713912566,3.2024408050539144,1
64232.194655901,0.5471192352123481,679.648648705943,0.2338604526796454,0,6981.577606327516,4.397175411086543,0
77727.87919135904,0.5018191934585992,608.2703730113473,0.0,0,5240.185976441968,0.019265143863069125,1
69815.33417987637,0.35293384663037436,628.8465029820237,0.2878141998241924,2,18843.16334078503,4.06874449900347,0
84006.12516518643,0.3147916290723231,589.4472101787948,0.471965133257378,3,17003.658051949144,0.9802426445259447,1
65787.18313914222,0.33414785446242495,637.1016455055359,0.42725166125069847,1,15738.762900435222,1.751735753483001,1
52886.03368857931,0.3772595358064959,801.1503636813883,0.6399108939651654,0,16895.123012723223,4.3563669182773035,0
66716.82513866047,0.542005673758353,760.8047701638912,0.7910973087927577,3,10667.565967324754,3.453559914667581,1
15000.0,0.4006960909084672,678.3583163996366,0.5518667542916937,1,16287.946504426007,3.410910265664965,1
67657.714727701,0.4371234839646969,647.9764587548038,0.6765041284816452,1,32769.538954889875,12.62402978940794,1
15000.0,0.49031241308842055,717.5360952554308,0.553354858452624,0,23221.96984523,8.934472973156153,1
25530.731851891636,0.20963887987706972,740.3976315286045,0.7419798511854767,2,12981.14084328114,5.2546571517119744,1
69035.37201881967,0.44058342709688514,583.6145294233977,0.7701707268582536,2,11336.39777029132,8.735718563454258,1
69550.58674533591,0.3146517494406066,643.8048905894238,0.5902330341557854,2,1000.0,0.5862182500571701,0
36751.424397201394,0.04806857650726809,504.2433416345536,0.5412760292849171,2,22480.859070892886,9.032066911990235,1
45757.959162421226,0.09461965496170255,739.8481688208716,0.35895356561252656,0,20506.23747642369,2.9874479036069177,1
87410.81977228264,0.2278258866177577,815.2019406160684,0.39173254380721806,1,11193.204215064554,4.461457478751713,0
50319.39736854647,0.41374678743110976,656.4066099698468,0.3324325337299476,0,4978.046219860107,3.7015818431719683,0
104858.4062480597,0.36365594784083555,479.99919000775867,0.5242503221790111,1,6913.127897671919,5.621152783729349,0
59961.60293647308,0.37212400486107966,698.7112413261625,0.2559303925281303,3,18110.78503735596,3.1070134015156348,1
68160.72353762534,0.584113217922403,577.6728667080736,0.36177875804401805,2,14374.6148643624,3.9169076547766366,1
92337.48796997215,0.1977092462168225,596.9320446668432,0.0,2,19841.144123250968,3.3643706740200314,0
62620.542323868394,0.34670799749795317,700.1261111832803,0.744617978954502,1,15605.101968577284,18.18615594436193,1
39953.120386183975,0.38653226273765784,670.364330041018,0.3559050834827363,0,21767.31182481539,1.24852000817854,1
57805.4509661142,0.2616472260153997,610.9512979729119,0.4911160874673154,0,17587.025982745727,2.5668022125285725,1
59287.785276198185,0.3533992094099529,598.0315493918669,0.6915573389422804,0,20801.567661124765,4.226612734694765,1
32705.166955968692,0.15800607990987858,660.0668844176666,0.460058687488236,2,1000.0,3.69240714122184,1
54883.358573183534,0.5191887460730034,617.2427557990106,0.6888687404186863,2,6359.581006517781,1.0122910367876818,1
45156.15812005127,0.26820625369634793,561.2610293117594,0.15165243756972663,0,12449.53831078661,5.319611251967337,1
78487.15514374868,0.5937680197734203,623.3949454817312,0.8794753179195405,3,22556.981494301694,2.445121151171499,1
60692.23748370511,0.3461030811299054,677.1674098604148,0.6174220396977532,3,28163.70808247418,0.19830180920750437,1
54344.0850170486,0.47336642784790195,635.7517226544294,0.4418404984973282,3,13850.349523291854,4.751189665681773,1
57876.36138754847,0.34360365572106144,536.9193121401452,0.6850158665250892,1,10718.93955278274,7.375912737260869,1
64462.44036812332,0.3463107401287364,729.1251697100431,0.1662730228021256,1,1315.2201901953777,0.6467313645372066,0
72336.2839937956,0.27991648001335906,430.8950850445333,0.34227702424610124,1,21044.94634851215,0.31919510674188384,1
40005.75542661238,0.3642948715239533,614.2907875977252,0.6888500792804759,2,11148.665973638661,3.45677705774925,1
39168.247347574565,0.38815984332968567,600.3841236356867,0.026587963821007032,2,35708.34268550709,0.1251649532851496,1
82093.5843080506,0.25588897893017837,661.8543102297132,0.5120915549917611,3,9824.172559758408,5.961015933600527,0
51753.262555905385,0.3349946700968139,694.9329446242189,0.5064352319690308,1,29736.92567802465,6.68746821007013,1
31663.158148062517,0.27678813607314634,740.1411846608828,0.7938451633644326,0,20238.57168511227,4.353344987444236,1
68876.2541876621,0.6259596883537806,593.0076101318272,0.08340891605555273,2,7802.1492047504335,4.200018086161186,1
69267.39612065374,0.33923230761060574,696.9265869866786,0.7219262114063267,1,16625.006520505107,0.07210615700760407,1
29385.694854865873,0.5354278582035871,665.6654710305169,0.2881058513702195,0,20399.663685853266,11.911706358780428,0
64589.63430927213,0.3265253203030774,513.0768499853422,0.31059810801762905,0,13423.234652383919,0.906639343180796,1
74711.66184856747,0.3811145169841889,802.0432204347287,0.15559912260804137,0,20865.87897386609,4.321853179641046,0
67487.72903412527,0.19143631140256767,534.897989820784,0.18242959250661497,3,20711.70011544062,21.98662810368011,1
72639.6296752279,0.2963512889758562,683.5597817847772,0.4807044694907845,1,19174.36950415892,2.4834671724818107,0
31914.618038185017,0.37526416049470956,681.1967955358198,0.17753361704372891,2,14884.686423667461,2.0676049502549247,1
66620.80309992391,0.5403204597151839,672.0509425863262,0.5480568667305832,2,6775.419374857114,6.522315574303475,1
53947.60481059107,0.37663793332115253,610.4338494270714,0.2674067906060493,2,14462.502371673365,1.4260652902028852,0
50344.196825507104,0.5160464433431599,716.1802120912402,0.15739323883027048,0,16232.452646010901,2.366739944046997,1
77411.11218839453,0.4268874932243504,525.1706020845523,0.29443817072802114,3,1867.643902735228,1.6306983261600483,1
89585.4902134846,0.5452881607357623,644.7336969060862,0.4673414383512612,1,16184.647211939406,8.626749561324466,1
95887.40109200717,0.34291493392339334,604.8900258758033,0.34452934761379617,0,14322.391146328997,5.148094913978996,1
86296.1574301181,0.6368267252782165,595.8161646346375,0.4068420236665597,2,5923.617504505319,2.8947275341738847,0
57805.31636739633,0.2917524556503052,684.2998229962836,0.5392414923672169,1,12668.955265157703,38.570535615056166,0
67054.40326052686,0.2580245798962797,736.1982834175747,0.6164842903233898,1,12817.075572159907,4.503880239387015,1
75336.45743568488,0.2047936580373159,622.5395390530507,0.33798093828211384,0,28510.661734453934,0.9357250684604659,0
62423.55898598924,0.6297229605869684,712.4544871940622,0.1911555968847683,0,16540.828423241568,6.513387289049978,0
62615.283758230886,0.4483337087141477,653.9792532355679,0.4152188957845033,3,22252.316759202193,13.542068793332954,1
76475.06263752365,0.30990551199436295,578.5814232609594,0.4941299172208144,1,14175.292868565459,5.72612876525085,1
58814.347079481355,0.49988272362481934,629.3638325407148,0.10785493880560992,0,1882.584382154413,4.952955505781901,0
45414.26127252677,0.43252306221413384,626.0411287366708,0.221878340598483,1,19706.392941751365,2.1683406318030527,1
51710.53868328283,0.5859352965650708,594.2672069995642,0.2561626208074118,2,10392.692892887211,1.5751309764194086,1
72678.20755467485,0.16426006007121063,684.2786342924667,0.3584355622559247,0,12650.799090084625,9.033635016411505,0
60059.86582399911,0.31815678700228944,668.7716950163807,0.24779321927464285,1,7629.201256191706,1.5023126117836918,0
66804.19953736676,0.2944974339268609,522.7480241384466,0.54140814501938,0,15509.37504744952,0.0026060280477847586,1
73401.5848440438,0.11315807883096782,517.8779203808514,0.07897335970831654,1,22456.248531357167,1.8153289702002913,0
52503.170742047805,0.47723926457356325,683.9747562564603,0.08405626056111509,1,21529.166759322383,0.6259900799785769,1
75124.96327259613,0.31755241330359696,584.7770856964372,0.33322223769770754,0,26103.32655449615,5.558661281017157,0
67576.85206916789,0.43875574459838745,674.1632924080259,0.3648694391720287,2,27095.71620567878,1.614971790242138,1
35303.73826177043,0.6331726321195534,712.4745262487351,0.10907122542837927,0,1000.0,3.7549307724189434,1
88846.09582372489,0.30761075698068696,548.3237730075552,0.27865023147048706,1,6644.656073496077,0.45344871021404975,1
49985.10512486168,0.29946164208114134,537.0770196339051,0.31979123651618213,1,2342.658951714129,15.096037988499534,1
26898.093136296324,0.36423970036687947,783.9545345916235,0.3213404105955709,1,19423.51287272713,6.396215890369449,1
39099.12580827395,0.4684696823580091,678.1256626369967,0.4303762966578583,3,10148.427513405932,5.5325718986782055,1
39579.09678643356,0.281994436962782,616.4607474661383,0.2676842231152876,2,11575.737677092493,8.954738360799771,0
61043.466373150666,0.2742846083441443,575.284763788299,0.6955672600016547,1,13483.817976507813,0.08132934385190375,1
54522.98988907526,0.4768627124289639,609.1647320874176,0.4976409279467145,1,17677.994816635262,19.59285448780613,1
53263.36064718814,0.39543671886056425,554.7542131109352,0.23857729587173562,0,4602.752663954807,1.6664589411609019,1
72394.03930964958,0.10463260843942152,720.6729739272472,0.41890229867351464,0,6187.95576156139,11.24999467539004,0
66797.50722385407,0.20295298406370701,587.8599077114943,0.42480306372112103,3,15009.073445717748,3.297981336285718,0
66320.95741288572,0.5301483036592652,737.4827670573013,0.6429442948995563,1,23391.221553081272,2.3815220719959944,0
68196.56914657385,0.3982313939694575,617.9496864183991,0.2799235142167298,1,14822.218177242406,5.734219763404299,1
72322.69336004477,0.2585364882755301,566.5319853106148,0.5534677395441148,1,9458.382055325774,12.25041668294249,1
17840.93316445114,0.3295508411318021,615.8958729588959,0.40837089515649555,2,1000.0,6.320495760886605,0
52711.23495471077,0.3515884007362004,440.0666577998867,0.6983133032897533,1,21668.729095421953,1.6049863513388407,1
16395.798710210518,0.4382880032336196,640.3385138660794,0.6581782905278817,2,9848.478454266638,1.1332742493881673,1
60721.19853595591,0.18700839261694524,636.3904647095873,0.4393958609185201,1,6967.941589737951,2.308460971458671,1
59907.340555513096,0.249086103359545,715.9794197238374,0.3475434757967879,0,2992.723414788532,5.752441542780156,0
80910.64549579361,0.3827546905836066,499.09560576132964,0.5013211819358911,3,4926.2943220062425,3.450582742561833,1
83752.68785442242,0.33801985034054594,742.9493088690838,0.3639099945745668,0,8271.50045682303,5.8551840353627504,0
64055.500965047344,0.41862310191640517,715.6479435998125,0.7360614211956671,1,13328.058846640943,10.396488741185355,1
49992.778452062004,0.20245911231684824,750.1634850958931,0.4156940156354024,0,6538.808066675401,0.5329124173219767,1
69703.22225091475,0.3928554411525585,645.782289919669,0.31887147349743256,2,16299.95626283346,3.4776103847218605,1
49441.64725351373,0.48099003432529663,731.1117467282204,0.3080769827852149,2,13274.865820573285,5.565220696965029,1
59972.14697113302,0.40841822565791397,532.3004772074476,0.15739288296025855,1,30553.94602429169,1.7228961127153386,1
79722.72633921535,0.366693408771391,707.0438052163627,0.5113118256186646,0,3068.898185251366,20.77716126295051,1
48844.57308021153,0.33849396769208345,588.3069790320044,0.2359977594720995,2,16130.356012186672,5.564230031808814,0
76113.57278485002,0.24981786166741976,517.887853406165,0.6196296504375495,2,16218.0349232867,1.575002815580617,1
73548.02737384605,0.34136016890722537,560.0687585468511,0.14141298919968537,2,7786.09817253796,0.9888411064868442,1
40904.16365738357,0.5011647023456487,650.4424910903416,0.4254482897946501,3,15666.766782132225,17.240229124952663,1
79477.88256434802,0.3357165792079849,584.0560633425918,0.6300447516994907,0,20387.16056484701,6.1106330268898255,1
73971.3269074301,0.24322352127819077,680.085882535664,0.0,0,15675.440377904828,2.4146209850236566,1
62038.51774745315,0.29093034934815365,505.34099559967865,0.8036531087584372,3,24691.240193738864,2.3029032210319484,0
44753.530839446954,0.3741020356731116,479.8321965107311,0.3149429605603781,0,1000.0,0.22368171435131706,1
42815.879628488605,0.30517832033829834,759.7909947314861,0.4282190764324279,0,9104.366110380957,8.178174779663086,1
49246.748461939555,0.4082363939675768,722.3040103521148,0.5142898451032688,3,25325.39233061661,3.2207177166673375,1
70851.8892658392,0.4127412512898836,566.0562531268954,0.5452258112231108,2,21384.18433284695,7.3023063266112365,1
40887.49665197204,0.4566779816485578,649.7600285223568,0.45477678765193646,0,18783.581978864015,2.377630958160641,1
68750.2449723974,0.5208271366718039,731.5605648161059,0.5994769167412736,4,23632.507845636213,3.0600785716167875,1
35164.88942243215,0.46950304692468325,683.5360486632485,0.5038141425843625,0,1584.094849087609,2.2059121763248024,0
55918.62831122302,0.2378913123022448,661.8578476946783,0.7521762280064608,2,20569.274639059746,0.1852088449214166,1
62192.95509148017,0.24157586641084733,737.6123265050078,0.5044655085709195,2,22450.59113693596,0.5842207163709187,0
108902.60290117832,0.34090742282482106,591.5430019839024,0.7929271039766175,2,10389.098836769845,1.203893135582404,1
32453.686889592653,0.29585895713127025,652.4942758931703,0.5802157680475313,1,33404.65982523859,3.601242223638599,1
89440.29132980267,0.21340079276468685,648.5721089366086,0.038849974846347446,0,16374.442748434403,8.740818688775027,0
62996.8482797456,0.2969969846992407,628.1790361863166,0.9222205356775683,1,1000.0,2.151338420867016,1
68223.43836031927,0.2930584479657153,618.8155590863398,0.28513117830455625,4,17668.90398553628,0.5614061990825133,1
62366.95826776409,0.26937827122865526,655.8294590262792,0.6991088030403471,0,9960.979790074209,2.553102765002699,1
68894.53636390466,0.3121052616613993,652.7525996788422,0.4053586886238877,1,23154.966917506626,0.020787996270656417,0
56926.29791275965,0.4914141020381997,566.1257885972379,0.612218051520516,2,18835.608233739084,1.5234064469763764,1
89081.00362914917,0.3739085649499087,714.1436727920358,0.2623042178268412,1,10814.545494066664,0.9491809998013911,0
50870.577115505555,0.6466170891266563,571.8891833786994,0.5251489086179176,1,25517.16342784027,9.835906702951968,1
82644.69144358495,0.3704609823223579,632.5413244362261,0.3493618909211189,1,21576.159141855172,5.788704123065674,0
47112.65759573954,0.31519210712752976,626.3775621823959,0.7158006223179778,2,9204.56008622529,0.013447663977324498,0
58794.96307197426,0.3504959459185839,678.6482890127372,0.48773363348340193,0,13935.684436074067,1.4497958626604737,1
38560.74895419562,0.3807790374132248,480.47168478261335,0.5871885282603133,2,18618.417535348563,1.043801466297268,1
69100.4744069504,0.4022304748605276,721.2727851943566,0.0,2,12450.157160591647,0.885287622844525,0
88902.51913853068,0.5992053591030828,595.8407721910269,0.38288546404227497,1,12659.204173069214,1.153796411349062,1
58452.876403582915,0.24856154420269175,747.5970635821643,0.4821103270116592,0,15257.075197851389,1.0264530389124984,1
56062.28602592181,0.45308552698132826,611.7468060387076,0.44472298128794147,1,7539.409911738275,9.930483134892233,1
37707.66073864147,0.37493007171369486,646.0925131412791,0.5922314427435702,2,1000.0,1.8652263631857031,1
55414.146928953836,0.16146827089152588,803.1028832054739,0.32681915097250913,1,16673.944036324265,2.6911623293595657,0
28144.114805569447,0.44248385385137157,627.8129432965065,0.40975742100692614,3,1077.7003549337005,0.14071408490010232,1
41742.44026562346,0.5021148272964686,749.1079907738767,0.6362453528829984,0,8048.729077986955,6.241707497086113,1
64535.72092218271,0.2471388315467084,653.1236068451648,0.0,0,2598.9234873599944,6.248745306730054,0
86380.26395482793,0.3489279358529635,683.2335064234792,0.5178701003276682,2,3460.8888656708787,1.276748641272103,1
116184.21722459006,0.14295748855907556,655.5966871529099,0.33322303480128934,1,17984.48621883504,9.746678711910384,1
48268.29829858198,0.1989432248378796,717.8281301040099,0.21753637508927573,3,13443.842844579487,0.20046780375980722,0
88706.0031329088,0.4757635493140703,595.1574709717559,0.467308844855196,1,13191.196811723135,6.614818049326078,1
64875.04960803296,0.2940300192791078,571.2761181584651,0.6454902593617311,2,5788.687514631934,10.384459247413522,1
56975.04706507248,0.21694364300743527,598.9139047698383,0.6078287662968362,2,10409.056378130072,8.532987093628957,1
68651.88903452305,0.3775352437350115,657.9768301059273,0.3729773938186743,1,17635.18611447131,8.598056194806578,1
61238.32967359918,0.2873105082282772,632.3344971559736,0.5751481927521898,5,14635.389142854496,19.78343689431526,1
62207.91451224437,0.2935014010669357,706.8219901176941,0.5736135796891688,0,20758.718427293898,3.759536773195542,1
51833.336743466614,0.43871912308098837,754.3785359857216,0.3825257459013667,3,21755.6440848814,2.125512368487992,1
32037.806804022985,0.2105919969278784,571.9329330211993,0.2613838896023584,0,13234.460992192524,1.3778052944534933,1
29127.495949558368,0.2413561744781801,591.2840966708854,0.27295319377553406,0,2034.2549985565547,0.1993741247536192,1
73064.89766562454,0.3684895990578642,535.1008465349717,0.5675706697736275,1,9703.485706536487,2.6274692762293532,1
54465.998198285735,0.4663291748897846,812.4298392607284,0.3915706372574619,1,14316.175033891157,0.02345522853734909,1
48078.22200687667,0.49857923617878197,674.3735599297462,0.19076355605388234,1,9564.590635971199,5.271756045365358,1
60170.11253446307,0.2701925935566052,688.3841856041262,0.06302743289817503,3,7617.630520663728,4.297480548990109,1
75898.64505831256,0.46248523603035774,542.7833291975162,0.5663662904192759,2,15488.265989564403,7.140287713942898,1
63607.278860527964,0.2559029247835509,649.9064008794501,0.29064431554715525,1,32012.121719132967,1.3523991476742552,0
46878.901267180656,0.5691451216288159,690.7398387530468,0.46607755113119637,0,11582.683565745374,8.952370350059065,1
84525.859112979,0.21394747694963256,629.779384757246,0.6479413814138247,2,14980.359032557577,1.9218723198126066,0
91583.71005963263,0.5094174572950076,736.0564499861116,0.13821510462930298,0,5815.74885938308,22.131494952103573,0
69891.13310645707,0.2712216671817531,834.9464900514264,0.39097252389743103,3,23703.807385290595,5.810813056892363,0
79473.27022688181,0.591589574575352,574.2349738324839,0.3658611707562261,3,21123.201303459962,0.13328103642935396,1
84839.19993627621,0.4209584874622981,568.2330203218643,0.47594857512559213,4,20640.13897626142,0.20040806539275458,1
82601.98632809028,0.22807801647101333,579.7795147577139,0.647831999684087,1,24518.570679133216,1.4078603584568947,1
72281.98354225248,0.2873313824548992,778.4959328013192,0.13410963706751844,1,12008.610517136349,0.696730579759136,0
71966.94094149765,0.443741744626849,733.3884253623747,0.5139595897411534,0,12883.075261080647,1.2061498828630233,0
70393.21146693005,0.47631733011386734,639.1577745765081,0.6063047549987404,2,26969.14972320655,1.4223871076574697,0
38053.24650905913,0.3415141289930645,652.92477315207,0.3627245872086435,0,19429.09672061191,9.553109532679011,1
74014.46313719172,0.35535899371561597,584.6765099042623,0.3725106014213753,1,1000.0,0.29358138961842645,1
32883.72057746892,0.44100236391728787,721.2021726194547,0.48368987379698447,2,18183.746829459065,4.395746248234592,0
44108.0108974989,0.36581581124129836,619.6078540713157,0.4689634155779577,1,10928.113574612824,7.751930474954555,1
86071.30135616174,0.1947794168793949,629.1938768436,0.5164705214734245,3,21287.202772596604,0.3978059789792071,1
76804.40325388395,0.2524431170431783,698.7031817223406,0.5122561052802433,1,17857.333285941215,0.299248362398734,1
89747.96579371725,0.37821439317819977,634.9604049533423,0.20360553887686977,0,2816.200651840407,6.262504863423248,0
54566.51232625415,0.49585788997972324,631.2027205201723,0.5980532995409887,0,16881.811193468344,2.566592471756228,1
36955.023174464644,0.5439178908994458,650.846016442326,0.6333566324380477,0,16474.394090761252,4.46611363115562,1
55191.25605859314,0.443543530492574,713.6284331034461,0.43721657873805964,0,17544.237405253505,6.096633749831641,1
62040.62594481149,0.38447489132436363,781.7194460387067,0.10116893869006666,1,19028.70196339316,0.6448648122930476,1
61579.774326800194,0.43985766631789724,696.8388985796865,0.3770508587999819,3,25471.761718752117,2.694147873029549,1
82673.60957513403,0.2699898979751773,714.2651378899413,0.43888117538811366,1,17897.22292730009,12.233479881081102,1
52774.59149993109,0.3316122847690143,634.01167503191,0.17107995244263657,1,15160.289223321251,2.0387091195037703,1
67040.68943605848,0.25110431343926276,593.3761709465026,0.3279723872845973,4,23035.772879317574,11.348015970525866,0
40227.45701130788,0.2001508867150746,702.3188985788092,0.11812612248829163,4,30699.185065128375,3.104352939004867,1
69006.34556087626,0.3900258813963446,663.6992659680457,0.5214584449972888,1,21405.495279176623,1.1926240489756237,0
60062.171003712734,0.37226159679016924,536.1897081000201,0.43319106298041027,0,16443.44288765663,27.7503629396622,1
45003.73323430965,0.4325182981410815,623.7544301259521,0.0708433670371511,1,18027.71384838243,5.656845876020543,0
55283.41275650294,0.4155334197070936,643.3682381214758,0.47029297231639616,1,16792.306315787806,24.900576924011048,0
56316.48506969557,0.37911731255886344,609.1633706377218,0.38869821052194176,3,15129.62890691329,7.16916746460822,1
54596.89741325808,0.4167939998813065,768.5388475633702,0.503282856550881,0,30156.195820544664,0.14276743875222767,1
95426.82484535367,0.34487802845270277,688.3871229521774,0.3216935132489145,1,9756.626379784972,1.7266309304705165,1
58031.07995384241,0.39954696742668805,759.8539934310918,0.23970411985139517,3,23084.340797698896,1.7163063065708064,1
55122.077796453246,0.2628626716776368,671.0740209321727,0.24583107470843865,2,14119.001401095984,3.8374963592685694,0
18050.980847797167,0.3943647110766956,656.5110269140063,0.29236595669031906,1,4637.065809028933,5.8298520103180955,1
42115.852960410455,0.4302101222343211,575.0721745911801,0.40376501931620945,1,13681.775794894455,6.534333612075924,0
54738.53151087294,0.2696382286313356,650.9543626557254,0.4295916930849584,2,11172.569163722597,3.0157239916447005,0
46282.94647646714,0.35621985187914157,651.0443140540352,0.36185602443837944,1,19043.041228923616,11.11167815452358,1
87634.15186755593,0.27516769884447684,540.6308892772613,0.3153360902006962,0,15639.101558609995,2.197213465994667,0
56701.244492075624,0.2868191964180662,606.8378024183684,0.32971934639890366,0,7845.811954464219,1.0553598317650965,0
85768.88498636504,0.21500847738774143,624.137392118691,0.9015449571013866,0,25297.055394428007,20.130099167630938,0
61234.09268100736,0.5018929910199866,683.0783635244577,0.24585496970035825,6,22630.93803133007,3.3273933611579705,0
60744.55672843153,0.4778822209664057,686.9080089588565,0.2884055982907615,0,26102.38872467481,3.232000347200503,1
58224.07104574998,0.41449206250728043,603.4945214427836,1.0,2,16658.752648476813,0.15796502685450214,1
60075.925032429186,0.5866635142332577,687.5095682033508,0.4842026604921105,1,14749.868522035167,7.800870886178832,1
94375.90006099718,0.32729051641179296,635.4336856521186,0.12400386681926084,1,19924.923378330346,3.799114353343571,0
15000.0,0.7138114898132761,420.4303980116035,0.5685374407954527,2,10957.674853553686,2.059490964515855,1
19969.08511122642,0.32269647015641356,611.2238374438766,0.2179922221597705,0,15910.416883038853,27.950484948004856,0
49136.58337887772,0.38062320221072193,736.3190912113903,0.5818123015610195,3,13770.254704750443,4.528005653033765,1
60290.55763875138,0.302266650327175,515.4555394697857,0.35780754412586374,2,4772.759779670556,2.586016196073768,1
73802.08849528024,0.39467906720723656,659.0152960332432,0.3120408301021185,1,15892.188533873506,8.848338206054907,0
69461.7439605495,0.4502737913463493,776.820897134823,0.7218329937655166,1,11913.231757796886,13.405515703008826,0
52315.0817423886,0.3363300328336299,589.1509637591615,0.513280270531849,1,13302.134851871873,0.6485618712100518,1
80380.87386483524,0.5632063816541144,650.1719264342149,0.5945978874898415,4,17546.49461954968,22.74324614212247,1
80603.90806305462,0.3786979141560153,545.6786994217663,0.4869839359039893,1,23907.731937906377,20.748699516187695,1
63681.15662543131,0.3824582463332239,780.1784913330857,0.3111110952413803,2,9058.609366164152,13.3288715416315,1
79253.15144973682,0.2409202766583539,643.3333898402709,0.5222708840516417,0,12644.0924940945,0.7273082684720171,1
65452.90526864258,0.4002198889460461,653.7301474235214,0.6418430785368922,2,9644.421125481324,3.4511678445893246,1
48770.33946434232,0.3339167335028761,758.3440372404498,0.4269476087035107,0,9188.735885407059,3.1741215322439595,0
73956.3367800001,0.2770112324795255,702.9182715716385,0.7603285208693012,1,10838.017394451592,1.5705681859214493,0
62212.26245157355,0.2568230710221963,579.9497014002608,0.5700974406403818,1,13624.848020293637,1.2800530437115774,1
60026.79693508974,0.6706116055708022,598.2177660730147,0.4423965099543224,1,19101.10159814253,0.48824751491159063,0
89459.07144379149,0.31838272997851574,689.5945043618639,0.4502973062035636,2,17243.12035349387,2.714031858952506,1
15000.0,0.17516174950624785,600.0703155949648,0.42744742579352496,1,7602.001006417254,2.4459804449279066,1
31646.316596808607,0.26621342483209126,480.6205350303578,0.1497522428810017,0,24059.12226742007,2.182342798821894,1
36258.5914725126,0.34381185926285435,645.7407361088738,0.381985560838279,0,21610.886145339267,36.58315925608245,0
52734.78704862389,0.4156000439139782,531.5829871100152,0.44423729706823345,3,8691.700445732075,2.692346237976438,1
54907.836604679396,0.4165755826070376,779.3025402850981,0.3167829757466943,0,23568.77624343692,6.4167699100907685,0
29853.48704453905,0.431193746213183,664.1430110210522,0.467535403740939,0,17288.568888173933,4.793714847445703,0
40296.83935378348,0.2726167632035204,577.5859954605139,0.40426149807102224,4,13904.812879523275,1.8677444065603208,0
42783.166429528595,0.3908528532201854,594.1094068270037,0.5547383782197537,1,17506.560311355184,12.981854219908689,1
109148.48184151785,0.24487286430673055,498.84819297008636,0.5326224762131463,1,14819.604430621346,0.15874993817454855,0
96034.83895494294,0.27564284203831857,562.0430490575598,0.4334306575169683,1,18815.550581369844,3.7042635836402136,0
51765.011646307015,0.23987492305996885,731.3058562032559,0.12655742173960033,0,16311.20866191817,5.654414992117106,0
52728.33419386402,0.20739333744820765,828.5428916393913,0.7581445477362342,1,12638.01763409458,11.933164209176146,1
37015.920056234114,0.47770513866296105,708.1117210559166,0.37162180028577135,2,1000.0,1.8525664682380862,1
21837.391735494668,0.4326334041174665,642.6365969103176,0.38382270926097367,0,18690.277784423484,5.405619188258337,0
57662.39627182952,0.46719984439737555,615.4432499476867,0.33149583026012247,0,12384.413051292864,13.043891414303264,0
40042.96033511948,0.35471756792291553,573.480334913891,0.3023176687868927,2,20445.626267516724,0.14420095157155674,1
58302.98936675981,0.44321692386381756,814.7812719471792,0.7088116096001048,1,18371.725435930042,14.29513782940367,1
27995.88301913045,0.1386452714428946,634.90010385085,0.677208864077216,0,12566.350521907934,0.2938942307941066,1
44760.51083379485,0.4535705021654426,819.2503864050003,0.4888786807155342,0,22160.917337541345,0.6708161114290341,0
62972.54190605662,0.3712543796006036,761.4815607688049,0.3784999691138549,2,16433.891632855997,17.278607847464873,0
67324.19195567875,0.4252531520178998,510.7362854922981,0.5238235970027507,2,16145.499931646611,1.2132838204545353,1
68349.43917484028,0.3956027958858336,596.7238083392566,0.41475939635387454,0,14033.225192658003,7.25975505021222,0
33590.22031685925,0.23155338145557358,596.4763900660942,0.36195541633538025,1,26784.889985678587,17.678525081419817,1
77093.71460271123,0.1702352269530744,643.6122908715408,0.4676211843012661,2,10007.132896330391,11.412250226263074,0
43995.76606796299,0.2645535000580444,645.1748597508997,0.3117684506109111,1,12741.278237786613,0.7067270505061771,1
72657.15829214612,0.41779007375274946,850.0,0.45045285280068653,1,6338.653984440025,0.5089959372359557,0
59787.22646763614,0.43281096982104744,563.8217700420194,0.4408441851243271,1,20087.117541271542,2.013336091522669,1
32472.250018441042,0.18584692671417644,668.3175948531511,0.5205872042515849,1,10924.956955496285,3.7410295192337624,0
53676.04590837624,0.23226807590381424,699.3206193974243,0.27617260850487824,1,11709.750927915748,2.8904847309747623,0
67307.27484127536,0.2632117176870993,649.8742396424643,0.5420272705753082,0,11381.443574899735,7.136909916105752,1
72259.30760949198,0.3071233927679821,658.8144462225086,0.21873770140989898,3,15439.053412436715,19.898303622449923,0
57180.24205111163,0.1865539002976817,566.415288455473,0.2854866696757523,1,6244.682907385979,6.516954698693693,0
90635.57781202106,0.17935378806318408,658.5188955682146,0.29421498817085123,2,1000.0,9.48053684533453,0
80150.21541973118,0.2513797644310935,690.9119196939498,0.18558964552526436,2,18203.928261749403,0.006412420975487134,0
54866.91767200494,0.36035046034700063,676.2080467416903,0.6031324566771326,1,1000.0,11.288362978214296,1
75002.43624273888,0.20832867922958112,695.6160723129673,0.20618950476204057,2,20978.964487841655,3.799631847476579,0
98675.86970376375,0.33610357880338804,763.0086320508985,0.2602167325186656,2,25909.694246746032,4.055428696774164,0
99209.69201566055,0.4770263379370178,724.9573233531473,0.6510815420973284,1,13850.433372454767,1.1699734529860837,1
35440.00238355005,0.19378643151037878,655.703569079795,0.2858834596292699,1,24096.45062704343,16.644393699057506,0
41469.33777685699,0.32522650899073524,556.2593318493377,0.3623714629723807,0,14830.205063197465,10.621933379755102,1
89698.37573467701,0.4729708080500927,601.9995780231104,0.19759419981669285,1,26194.688113545093,4.157203629756077,0
38834.378983247254,0.29980779315634287,632.4295078466067,0.566590241524537,0,11806.475035207524,7.358207111541569,1
33549.17733416642,0.2811596370969897,670.1876665073158,0.5693472488382131,0,1000.0,8.129857847328498,1
50276.11738601906,0.4896194977167768,611.7333790800484,0.5477891808246894,3,14440.617791254486,0.8215741539188153,1
68404.53418949171,0.31325575052341426,575.1413440652518,0.5075059656387888,1,26955.74235387517,8.36877935187721,0
57952.065867778074,0.48253940302466813,554.944104870373,0.41471782220389536,2,18744.778141582927,7.0257223015166534,1
46988.72759188816,0.40147584693526384,517.9057792755575,0.2951246666124031,1,11392.737400235092,3.003260326073259,1
46515.750765509816,0.30885864165081955,631.2039436980344,0.23700613866679582,1,17302.308184993122,5.23254982631387,0
45753.258711745824,0.40756286367170363,532.4267646343756,0.6579811053523341,4,21797.87386916787,0.007590473041471663,1
42409.80742682115,0.3884539416615245,569.9579452674086,0.552960854345318,2,14400.684927598704,14.352673010207319,1
105632.65754552124,0.4725059385202969,618.4878501724558,0.2613391545599152,0,33384.73059739666,0.3627318573392734,1
65950.2214237111,0.2841985354561978,543.1266152486853,0.4079663536446269,0,11378.07430436359,5.317670302981662,0
77735.18108809477,0.35494472801379434,680.3801750798957,0.33997698140299737,0,22017.575054313238,11.59378709231428,0
50218.45063762153,0.3426181184474435,709.217845088455,0.17435785885884997,2,20333.560655372596,6.678333557081515,0
56280.86645627902,0.43449777699677417,606.0458384179681,0.4355302753242605,1,10101.208027113596,7.619119229371545,0
45728.9203725929,0.2269784966666989,615.0378153911998,0.31690146715216083,1,12028.91812856629,0.6507646039431936,1
15000.0,0.47203724578854267,692.9943816111262,0.2094926667408629,0,22126.690532355555,12.326656628313854,1
32439.814463042676,0.40595945266044997,592.8803922212256,0.10417348917164765,0,16013.515213229688,5.775139431894112,1
23787.626400392102,0.19196899116404642,587.3812870722164,0.08723929995886576,1,17366.50208709091,2.3296592853283236,1
15004.324440967852,0.49499153905766,745.7198782549033,0.3257147744610721,1,3548.2285240694982,7.257066803647021,0
36092.82051403794,0.6180911696957277,720.7350190970229,0.3829810059150169,0,19591.99058613471,0.3576829582337141,1
86499.11358763262,0.4702200763459289,698.1240001875135,0.2249398379675368,1,17011.077908577976,7.743713545922661,1
59111.27664591291,0.5212381720671763,724.0515697115275,0.5301478855314455,4,14552.629841511925,2.213552552155874,1
85811.27524642348,0.36024456579231057,491.817701970611,0.38689069164340756,3,17526.243041413534,0.0479554023254154,1
68219.65153801751,0.15061940963137876,758.3068437434486,0.51537706211973,2,12135.476050130252,4.041240758540105,1
75651.17651430318,0.128705545859897,681.3649693266993,0.36341784196245847,2,10856.682472815683,5.0768963269539205,0
41982.0600939085,0.380609845264131,730.8625107204588,0.24257647295857884,1,13306.80127852623,3.8733423274756387,1
70479.01908385342,0.27896254307240237,680.972942329309,0.4228235142277228,0,11750.577751771918,0.22176905332775576,1
74574.28468148691,0.24025084660071783,653.9139859744125,0.14746509759633553,3,30263.706927302403,6.920270973795325,1
48467.05415532614,0.34247039792375894,627.9752630110356,0.5078877041273296,0,21383.095101905128,1.3401604062372194,1
71190.80741232332,0.42387023454335454,679.3715501508964,0.21257015869737328,2,8220.717532198094,3.6647451358877845,1
71323.75517149665,0.17566909438854234,625.0601672876359,0.5836465053066898,1,29254.072015825896,3.0686189793564282,0
49008.94757739834,0.2961346855663538,719.430088005209,0.3323088507516171,2,11970.003719945811,4.705248138360866,0
37544.631354580095,0.5311844819744378,523.083468435824,0.6125067032619834,3,15206.187572249992,1.6312812084175463,1
36317.43336203456,0.22096539437343501,606.6739310564578,0.17547536228233696,5,21281.92036451924,0.1391638670441689,1
61730.11083842924,0.4543713424597947,813.5858598781317,0.26444605985423597,0,1210.080192716694,1.414221170523013,0
66540.1973757863,0.2918323086141207,599.9135629142086,0.47618698936971415,2,13340.819071413218,0.9452117788273282,1
44149.48339084171,0.4154952511819943,630.9053021549217,0.634099418685351,5,10986.663043229826,6.479888217218853,1
60531.70682652197,0.4816793008643441,579.3935253319939,0.7333217816629845,1,16435.560556808945,6.769208048925467,1
71410.74072276971,0.43895381203820255,676.867653830866,0.40827323273617455,0,17590.347782858098,1.4520012968378728,1
72363.81429330602,0.45909915226566517,591.0988087886244,0.7675491261573513,3,14459.18444267354,3.9350172349876726,1
91037.60240244977,0.21180877599104525,635.151125215436,0.3420670900349139,2,14134.468912747085,4.810112333034603,0
85539.61664396086,0.48363916480895586,717.9093228828057,0.6197535244725946,1,22455.919608448115,3.969977818294754,1
39974.171344869115,0.2476768262438216,594.0989264948147,0.21156380060813895,3,17110.401512338267,20.24997608764933,0
93671.72419076045,0.38114501186858457,713.0888895412177,0.48404010137265086,0,15289.9750703636,6.328019567044894,0
49380.4699088857,0.3809895424396672,715.7783452448285,0.0,1,16035.094140220974,17.84955089576599,1
80897.45624908854,0.4082147070643497,734.3964875775434,0.17568179766937525,2,27851.22298271153,3.369763772601457,1
61359.732521021775,0.39043480112722284,661.2432795934433,0.493335359616153,0,16208.717838888742,0.23153013147091073,1
51757.01243086065,0.24874280257703318,850.0,0.13751222955989534,0,11398.860465240063,2.5046326221522,0
23846.062804501344,0.18801591052451405,734.3626957233665,0.48538992215783694,0,1637.0063797225866,3.647224857009937,1
56568.709795673036,0.4546818415954122,675.9902099525461,0.5812916241624727,1,4962.438381755324,14.46202277655752,1
28812.33529388782,0.37230014930226984,579.9260468734612,0.2997359614563444,0,11730.818734441673,5.518526673378132,1
79345.98471685546,0.4879252209149381,642.2352699300687,0.2062094088651604,1,14241.362092320966,3.4952989991590275,0
90335.85314278497,0.34463204789745583,764.1061581520028,0.30516267682905224,3,11110.649782728327,7.861910152436421,0
44061.780214066195,0.18138027671876475,786.7627692501014,0.20683753616316292,0,17458.007839320664,1.7297938178617436,0
66039.41485038542,0.4659355617204927,768.2663280352183,0.3797572883968165,2,11020.443688441841,2.2272672555787714,0
45492.16955984049,0.3055555268406671,712.8153845383696,0.4204181249776164,4,8598.575109051988,0.9875650198074798,1
47430.30539726421,0.39104041489052255,549.5471834963543,0.33879797538063827,3,19288.50684750189,1.9423891739252848,1
75489.89407730743,0.27230486858245767,688.9729454260536,0.7348718480373644,2,24585.761478146094,0.989999454934165,1
59229.23476313175,0.5473162052280428,550.6878097557602,0.25611923606260495,3,7249.826815774165,2.3134605277621074,1
94792.96083862023,0.24481222109801637,531.0023045295393,0.6782866358510624,0,16706.01104595468,2.7229017560002418,0
50355.35042594158,0.30950842950725904,669.132694766179,0.19175215273757729,2,1664.967392923274,7.205506113259121,1
79986.72664948978,0.36289384432367794,691.8559557815801,0.4145555139883098,1,4678.2330849098835,17.374917729437236,1
61948.26825915564,0.218938120749565,722.2701678784643,0.636621081709614,1,10878.63920415979,2.8416972666105,0
75915.56019488466,0.38966234343051137,689.7708992308875,0.6262714304506636,3,22944.373026640355,11.842322868985267,1
51056.84685340107,0.5434292572960988,692.5268788594199,0.31594842045995297,1,9549.057792061678,13.627272269693307,0
59008.82324896834,0.2911445407167547,571.2277932006099,0.511013944014269,3,9287.296676641155,0.5877729479534328,1
57690.0224140213,0.39741713828380704,641.6018652252267,0.4842358167328452,0,15252.610973261148,11.384006871790922,0
43278.85770308426,0.020067753675373334,529.4306571492409,0.29201216428145205,4,15259.585278048955,0.21668783418207738,1
73241.63069163506,0.3453284959418191,489.73046964798436,0.5231899874296149,1,9504.079690717312,1.9701024654541655,1
73004.98011156729,0.31243492568885534,709.2514167874459,0.7724984344104746,2,28903.55097084267,3.4398483680330365,1
71871.09389811133,0.2517802877107538,589.7500484967233,0.49434013301252616,1,13142.456388192388,0.05832733394779257,1
90739.31307835289,0.4797740563554238,719.7998801714443,0.5132712758141342,3,15795.09487692656,5.509971643421282,1
88986.89602472607,0.3108507582051406,738.6678062304031,0.5344309956401415,1,12187.543236026906,1.8023579627694477,0
52501.10620301729,0.32870270154876946,600.4546140301442,0.10780467852897191,0,18079.800935058254,3.6685281752253567,0
67461.04636868357,0.30473685502531145,697.224887564424,0.4920449346412578,2,23644.70291792882,3.8792896022610286,0
47527.98621483575,0.1199820953881908,597.1074617109086,0.19664808503229453,1,26645.645878682008,1.0014782721285962,1
60467.10632229111,0.21416162719076465,502.3296900298541,0.2820226118604401,0,9664.14027315284,2.678567053157321,1
48005.0110176227,0.4653312183344259,659.8647523553967,0.8323883562377006,0,22705.566234108486,1.4678865630586155,0
92401.40618272102,0.09680592237440339,612.3300896227391,0.349347678068238,1,18847.765736857127,18.50979727422249,0
67273.96300685925,0.2580421580461153,614.7928791530295,0.25196517914115457,1,21821.756266220542,1.9917342238167837,0
55639.41743791156,0.3020335932452283,808.0274494276421,0.6305165157802785,0,14356.845091150417,2.486961126842148,0
83872.37143712754,0.5592346240749878,527.9314413813863,0.21046459943152462,0,13690.714587024737,5.125138421376441,1
16587.691804091766,0.4422324518595643,680.6296908297177,0.3105161711620646,0,21550.002519997954,3.4906762144084875,1
19717.94810269421,0.283139536753628,570.4154210284199,0.6498104335972334,2,21682.84754239401,7.1208874798994035,1
75916.77310439548,0.5065416436538661,722.6609127413859,0.4085535130615919,1,25960.043947033206,1.9866950194675936,1
61209.36896234736,0.2611381015398656,673.8744988940052,0.08768059097469416,1,16389.832888153425,13.66197445737193,0
65008.92600521521,0.47109197644808065,680.347547934449,0.5087979228645239,1,14251.597606556701,9.012441434009574,1
33472.07793362903,0.18693473048923812,574.4088305918192,0.32070682359069824,2,1000.0,7.792477545410249,1
59535.32578299267,0.47879093981469883,588.7529669369342,0.7079702973060491,1,3721.1762340326586,6.2541122541892955,0
100070.18820802684,0.3012639625434817,724.1800405876709,0.2787626104731733,3,12240.238763716248,2.4693282717289087,0
76483.99239591726,0.2265794910870476,791.663817738205,0.6102451947451852,1,7292.587481276492,0.5416488535860624,0
63394.13090285624,0.3239427664308423,688.424625377935,0.7551396064731428,4,20698.913958032725,0.28444592095017385,1
51218.92179790125,0.38328130156642576,578.2063423382854,0.2298113552376859,1,5829.853268947323,3.516133057794039,0
52108.542962612126,0.2906301883369145,677.1150817969655,0.36135739584836146,1,11490.869701547985,3.4914020703522453,1
17416.042215999645,0.41647442071943885,844.1977635470088,0.47772505482889016,0,11765.81454803058,3.6711833959467843,1
65152.808418423214,0.28004073396031187,658.1938248575129,0.22853084948916513,1,23433.201583796123,8.781323990982706,0
76909.66216963707,0.42444468727176293,766.947268751488,0.45405898934156613,1,10742.328756862491,6.615343183733061,0
28487.613456587696,0.4030666474443919,590.773650732903,0.35501594249880153,2,18166.884826335918,1.3892212016257142,1
46771.66215386368,0.34268923343504776,646.633115869089,0.35098648568132695,3,16369.942892659017,6.424983448036736,1
36850.70735533156,0.297034122516086,699.5652164900434,0.40978767854162235,2,21323.019398130957,5.098588458678854,1
40692.97610382473,0.3681848954918319,681.7862646610291,0.41425294311571287,1,20951.505364815363,2.722956932717663,1
61069.632536438,0.41603044916404386,588.6889055911072,0.43277615381520806,1,14765.91920991319,2.72481482364604,1
18311.956900230514,0.597415898327793,585.2386034295521,0.28023473090864315,1,3125.9384117497393,2.824593123728729,1
72285.40876714129,0.46273045061578166,729.0627522482127,0.28896565513004935,1,13377.813793480595,0.018751410469172728,1
75077.10139867365,0.4671187939779009,745.3240650120116,0.3762824822350339,1,14860.31048827493,6.346740245021762,0
54977.94823926175,0.720621463383234,770.9714846497536,0.39104847175284096,3,17002.064632069447,10.50757855504645,0
15000.0,0.4119150172121413,794.3144386602294,0.3122301320106767,0,9837.113983454328,1.4836524131962803,0
40071.62747995221,0.40815722135740423,660.7695549058077,0.4647879284172037,1,22986.307828860292,9.93702213141576,1
84658.03868205393,0.43448180891859844,625.1040604614725,0.03704765026496065,1,15095.335928204948,2.88891243278154,0
15000.0,0.2289240826894096,758.0792751022775,0.2539067482182097,0,8556.51856531512,28.326658865405538,0
53049.53175612962,0.2967318036297492,707.045542548127,0.3440144347594291,1,11792.40512880824,3.275083496585196,1
36399.98443065482,0.2892596879969199,571.4035793065927,0.22877696259387903,0,28499.79857776781,20.212258492311555,1
76091.40603169674,0.42771367726634735,567.309146758487,0.7258396029617783,0,19650.645250625486,9.235419812739284,0
46497.720957130776,0.3290990525334561,689.3544161085048,0.4037723693449904,5,22339.195888950828,0.8069143119687969,1
68079.08041471223,0.3665868110569163,635.81802708128,0.43535393564518066,0,7708.891212006101,3.015730542499247,0
71309.20838338186,0.48049455441781574,647.8856036207442,0.3033538584069079,1,10178.192154713393,5.112635489010875,1
96724.51679460041,0.4535780886444966,735.8026691768156,0.3968442159254078,1,10230.043858831286,14.78034471981821,0
55941.161126492596,0.3305934796350503,710.7229715988028,0.1569493071394532,0,16290.756163120353,1.9773544295319743,0
67520.88739245222,0.2696005883746133,756.3898598734745,0.3660365927809853,1,13781.987182401086,2.9851764711469677,0
30298.89041745128,0.4862329677983826,495.4771114901307,0.21259831428084885,0,11573.539121200854,6.210650100716041,1
83808.27126587488,0.44286694170918384,670.2718333776961,0.3445192830487675,0,12451.512852475822,0.3124067834441998,1
44789.82303857271,0.1572491818045541,705.5750817917765,0.0,1,9441.753693274513,11.003396955260097,0
48784.91671824509,0.31242152733100625,527.8731314649852,0.17439935831129488,0,13741.124991690129,3.5700799575383813,0
59555.04410301578,0.36986185544201144,597.6083486952023,0.6927852809028667,0,22792.50908683623,0.4089982608565945,1
28742.31309320301,0.44345956605452375,582.7611870136865,0.5660795498215085,1,4408.024539151722,1.2137779449256643,0
64575.40057857876,0.45921217939277253,651.7358536847933,0.6638078671830463,0,17425.35603544661,13.79221524534987,1
79349.32545850021,0.3840687201410568,780.2283174955251,0.6775442539341847,2,24660.648864157367,1.4906737381824957,1
65858.67646994583,0.4202297037630627,811.807152373192,0.5345974848328955,0,13717.69031004103,4.906047859631263,1
28222.0487164255,0.3576964162853784,584.8569957541374,0.309426262924173,0,11297.867795978727,1.3609460736505588,1
57523.81411340681,0.2691377974183327,692.124580039486,0.19254981074687547,1,21469.620401654123,4.952046339825927,0
74840.57805958981,0.3186482730750495,694.7038281713852,0.6293489210899395,3,8110.446861918095,2.744964499362804,1
22440.224680681844,0.35227894239681296,681.0100617211798,0.41291359487747814,3,14841.159290428885,3.794356798143072,1
38504.67972364572,0.34583848999776917,681.9183707791387,0.8988045632763814,4,7721.09129729991,9.107444726623864,1
77530.8720816304,0.12373125146678352,674.2994001961063,0.3269804047978492,1,1909.2932098300407,13.405653130484803,0
65401.90868394573,0.3023019998084682,785.0056096645136,0.7945791709560961,2,13936.110146436433,1.9414036428171868,0
68239.43164253508,0.3567446783706982,738.1973211494446,0.36864164186084897,0,6156.234557131116,0.22206091967791167,0
97189.89615246623,0.31623560097131587,565.1876881921386,0.6672097194517401,2,14918.306406695821,8.51352250996366,0
69371.05557012405,0.32038114453860966,713.657686470444,0.739338347446491,2,22805.207370664946,15.983429993463309,1
73157.76020866359,0.4085589644965505,721.3898699609161,0.19541001436385752,0,27979.78784675736,4.46816843213599,0
114214.91054436652,0.22052513755416392,675.1973829721431,0.3030003843418263,1,15654.70498760246,2.1907990809440365,0
55723.90883819018,0.15463493432585465,740.5139496402184,0.19340415486029383,0,22134.510823829194,6.76481837582725,0
44042.3447276301,0.308219625099599,665.045922743923,0.1540111023483553,2,17792.73855074643,5.396402357045619,1
68555.92796494266,0.4416937286602147,666.0374176861001,0.53341337010499,1,12318.204702874587,0.7232252728519126,1
68779.8205877779,0.5525063647383965,659.6992435741635,0.3606743259501957,0,1526.5655224837374,2.3136044540618235,1
49465.692161075836,0.44385538869136876,488.5404731360265,0.41047326463802725,0,26385.446289574833,5.4957165449675145,1
39352.059608903044,0.1738083488157383,643.5681284875301,0.5112478269946561,0,7656.2846750321405,7.196039871539826,0
106196.88844180157,0.32211593127478744,596.5399540436343,0.028522633257017094,1,24679.396379924387,8.591778569931174,0
66536.86940776046,0.3807961257297835,555.0841617445955,0.6573532007914109,1,18757.653404835757,2.4270246558516346,1
45354.29237195849,0.37131093403083104,764.7214627791618,0.3301811673320165,0,8167.9105032684865,7.68735442247904,0
78318.60604559197,0.41471654635314487,690.3366014827566,0.5064802612475715,0,17183.98853273267,7.491413390007217,1
57817.09696877331,0.2399541264247087,647.6135135244361,0.5241425678457095,2,29930.377428997308,0.3822050518825568,1
54942.37107364337,0.3577931705060891,604.8157319118059,0.6741593121527681,0,25749.5680660464,0.05513361389211607,0
71245.45743828986,0.40043873957313547,673.6935667702992,0.3790285224433933,2,11411.008607058859,2.827836284668126,1
34162.3546353662,0.4490805143964391,729.3148874654011,0.0,0,10016.134692707226,5.650810902820123,0
67052.54407834345,0.25331382000646496,583.8427325162447,0.4114255226907122,0,15701.456261212503,2.056784034260078,0
98259.09615463504,0.3085811759308522,649.6137302178712,0.44014137163232026,0,13841.403897211145,2.961454620597727,1
69323.55324394621,0.025541878391199146,719.4453199080938,0.19314782817197657,2,23398.161699499113,3.36162621225856,0
52475.75792433071,0.27542456389066705,495.1199096732696,0.4294981308865877,1,20177.12395495263,0.22059331166888338,1
49857.89439143516,0.2870702128434748,645.3944190075676,0.32779631305474166,1,3154.3087893010434,5.406222763970762,0
51793.20053309781,0.2276498590199068,615.6566903561969,0.13144921014349792,1,18210.726787967382,3.3027659107279597,1
54920.74643904438,0.36987345802791816,639.2936113795973,0.5342969790018568,0,13746.363273928424,1.0760937826017982,1
52443.86934483456,0.34328654815456777,609.8697154902478,0.2872549698204408,0,15259.756952196465,2.4022824652500305,0
78326.22882149133,0.07889433469068663,661.0099684165837,0.31872415705258617,3,16742.601099824613,30.464935412066904,0
25335.817935820334,0.37586095631621075,803.8901776338174,0.3074842305425831,1,23391.103036936212,14.018198882007011,0
77240.00100824269,0.2386011043053167,624.086202085716,0.6470957194928294,3,21844.550744822147,14.583470570612999,1
52406.26949714878,0.4082826751028618,673.3368807275285,0.3918167676453216,2,9751.800815188932,4.732980249294155,1
67538.95571390745,0.19617785027256013,809.579713472729,0.41581996410916433,1,14589.716226172313,2.4287355560855346,0
37460.24179598273,0.3536007846237128,605.9987537301956,0.3118727691227206,2,11860.350249999517,2.0423895087067145,1
86572.62133698873,0.31602040053361924,795.1740279143175,0.4925733644509811,1,3227.078217653814,0.0570584999563898,0
84912.69920343746,0.3863722261940396,650.4258405301686,0.6698636096901344,1,14234.406446792367,9.136692400380657,1
79191.81051500147,0.3649636733181616,792.5516980691941,0.5295721634973013,1,27913.28099291367,0.4935213176922948,0
29704.904484129213,0.3193802989974254,710.0160899957056,0.5373733922669712,1,3015.6962437517705,3.039589509599563,1
76582.42142132105,0.16564732231469062,674.5686690065937,0.5212460411768691,0,14831.567444379529,11.847534115162016,0
68097.10175271418,0.17273504438467618,644.749545449073,0.12395147133776735,1,14607.032982132274,3.292504524365863,1
27894.575057348648,0.2799335673089337,600.0766848096631,0.22477623366017233,0,17014.14830235024,0.08666852474396694,1
59514.05232458369,0.34900641392844955,656.0633239971482,0.35900252128017474,1,8260.925298242488,10.629673439841682,0
67290.68978066526,0.27701024633610594,721.7889167216019,0.2548271915013549,0,5024.225864400323,0.56870147503266,0
71121.50547646302,0.4250254316695358,648.9510855202664,0.1870925950488004,2,5349.8164024376165,5.289453284308445,1
63545.227338977114,0.31649348969459795,624.6701755950514,0.025564851825885193,0,24316.53630832035,1.1058187061249927,0
65824.6283369476,0.23419847302645874,629.9373972657781,0.1306941573731718,0,8121.198179467001,2.730222051721502,0
89472.22784506192,0.31662844484145086,729.3981290866443,0.34869488853147995,0,11503.06465842779,1.879391147741214,0
84520.6781982136,0.3771031803579863,748.0129164079884,0.38611472663622315,2,29732.42819029082,3.174983204362575,1
15000.0,0.3889861662589501,596.6279588985303,0.2413892447738849,0,9860.210402564808,0.8595378865685197,1
53651.22890324636,0.5754054958391754,596.5129714042008,0.4157850425366452,1,17396.797185656484,2.1903838928982484,1
56706.979449120976,0.26973087919958966,680.348713573369,0.3132332718183248,1,22446.68173637855,3.8581115956052816,0
24958.028545460576,0.3411825606091519,772.2025651805803,0.6181147174747696,0,22110.0413088547,2.3395817706742954,0
61883.66116464624,0.40113487361833117,741.6792246650048,0.3676748471950326,1,5678.965500694236,0.9257959059545626,0
84975.15544821013,0.34718924489590214,549.851823025607,0.5392661762803431,0,10006.532866089508,10.526620748343413,0
38268.64280818819,0.2899258224813616,628.873922400651,0.4406427524589385,1,17116.547833763896,12.9173984258282,1
66728.01877379745,0.16408913883869075,575.5517156248391,0.11958579215118903,0,28503.122201683047,13.630806276716964,0
41683.530454071246,0.2886998529136381,628.5989982467794,0.3818683648525649,2,9669.42538951163,1.2950817639312604,1
46561.759526406466,0.22115571047386387,778.3527996828284,0.1528751801342633,1,11544.70911122246,3.117487158805481,0
89547.8726834007,0.1428071982651466,536.1919480973586,0.37837583235661576,3,17937.020949807033,12.364684285956532,1
49148.8435977635,0.2545185389995296,520.4907765375848,0.2509738365538622,2,19337.60759143864,26.245557685830203,1
69244.2497802125,0.22434899350802545,583.7156677253118,0.4763926066969617,1,19761.77803011916,0.5645499388278963,1
22575.63767878026,0.4200543854351537,672.9848482060794,0.13152913250675974,4,9075.508946156398,5.046552575465712,1
97246.3512278976,0.42213102048971524,699.6603856512605,0.4029403650558875,5,11275.663041459162,0.8488382905140461,1
72053.04892612998,0.241534485250295,684.9958747889226,0.5144831165126388,0,16508.50839861378,5.285576663948202,0
56350.003146994764,0.31877256433242546,744.0548322584813,0.5815191138617991,1,23836.179188397968,2.471114093990618,1
71510.93019999789,0.12701088054649573,508.95315246128564,0.24716644842315544,0,13330.61142517101,13.33154713324195,0
31803.611421043795,0.29067920597807667,745.0669230687149,0.40355019444143503,1,14843.886699413264,0.4029100691314816,1
83650.61483505314,0.39787782808428146,625.0323743962966,0.43682939458231473,1,7818.500940024133,2.0000727469648734,0
53520.304490071394,0.4489925467536923,708.5195447843894,0.7094252559085537,0,28042.587823245696,4.202873166325182,1
55918.60969903131,0.2644343501970423,544.1259658589437,0.10373398784997262,0,16079.84062999197,2.216852585131912,1
50166.88770069031,0.47622258326330236,650.3965357607257,0.21777949098579022,1,22544.283456897196,3.3363249422220194,0
48386.971945088306,0.1681169694183834,668.901661647121,0.960892498547216,1,15209.280456473203,1.0167762454256841,0
73893.41223256817,0.20028466410274487,742.4600829998734,0.34538054320880507,1,15596.869456703884,8.469602666724537,0
65118.137002084455,0.43515942387654516,523.1796301913788,0.02180123801934508,2,4497.837764035574,9.03879875547419,0
73034.9628280608,0.5505345474275897,652.4602038827924,0.2834899713303668,1,1000.0,0.35134382358603844,0
59824.10621028857,0.4092118385820434,563.1811767086285,0.0,0,23763.336482851715,5.644572957865009,1
70263.99622154362,0.3451589136159185,690.439683536662,0.4481841424912306,4,15546.40749983694,3.568442173988041,1
51623.02512149923,0.08657795041733496,712.1773229164901,0.5619569520556438,1,16444.99686090633,2.8610049024162905,0
104594.63682819097,0.10730635327478247,752.9736194006471,0.21766752476624937,0,6256.623734597126,6.242076173200055,0
28641.39167139003,0.3655291444275042,607.19764365533,0.30585521554969863,0,8678.550755444634,12.02996385761152,1
85218.74647125968,0.307032479651459,724.1781188551032,0.5847308310737825,1,22436.114007944892,4.601739390801558,0
87358.14901441941,0.21729977814174584,758.8721269981643,0.049956907030785924,0,27181.006395890057,0.6151876794963527,1
42956.82388068813,0.3578639096996061,518.5402424115626,0.13568575756009088,1,10651.081903592138,0.30759610034452595,1
104585.47221111947,0.36381576410093713,698.9875936078761,0.3543769636568721,1,19700.38301854139,4.7850061858237405,0
79909.80565890636,0.46332990422483267,726.6809003024085,0.24953303250663633,2,16330.174528771237,3.8469499057612824,1
79422.78013645823,0.3663922739615241,629.301889089005,0.34122662050528246,0,14156.297419455921,1.8154113994373606,0
60560.443740517534,0.4974073242001261,553.1381137979913,0.14724993611869563,2,27963.713141248234,1.3805449147455624,1
55655.47683562647,0.3509592835458576,725.436460488773,0.44286269718430155,1,11827.588477840736,2.6281291148916286,0
55811.82345920784,0.3361598006231196,554.0392937953794,0.3701533829640023,0,23684.9884591224,0.7679026272071829,1
67810.61192639034,0.47771746234966184,635.7318852391278,0.5098380988466066,1,17669.96321929434,2.350171614031054,1
88023.72550067792,0.23258709439502784,646.7900753757336,0.4400799000960585,2,14881.774743446267,1.2825305500425541,0
63626.28435722839,0.6877336943919393,707.2430441363199,0.44133801449920473,0,24604.120211231548,1.0213947575210438,0
41771.12753725419,0.3950308973800083,599.8694752389974,0.11073852909397724,3,17030.941488961194,1.946886172624835,0
76488.5412476996,0.39569951034052075,595.2333048937716,0.4985183103289745,2,14325.007290614034,0.6295425680594231,1
78423.01492789584,0.41301151687671167,657.9132383010489,0.3338267196391116,3,24656.09521087423,16.425884874014198,0
73093.19056895572,0.575256377039797,730.5112382095799,0.3666803384700765,1,23744.83577640324,1.3293067623653074,1
74909.97813049966,0.4451008894007128,832.9960000522517,0.609652875278162,1,23413.74324807713,4.065093682118251,0
54581.43739684384,0.15739328251952917,529.401504017698,0.25611288869662097,0,1000.0,17.692202143664133,0
41420.21665738841,0.5184164461721005,675.2273614229263,0.6702368656918001,1,18081.236380168873,2.5487697357384147,1
42636.1313871844,0.3090924104665979,563.0771979012567,0.6888950598746186,1,16484.820351489787,19.87184085028692,1
27290.73503084284,0.3628586087407188,731.5048994565394,0.5505568874728745,1,14755.957221401599,17.37025278956677,1
64738.972230919,0.196489523338968,574.9164362152613,0.20387583784651564,1,19268.45743780875,7.778056141992567,0
58331.02433546813,0.41314424217486745,596.0281425454141,0.0,1,16823.898107531695,0.14942665567694735,1
51200.24590940583,0.2718350851918937,602.8583312748804,0.6157669828519883,0,19744.65192129027,1.7866376431666517,0
15000.0,0.3620203565592168,643.9040849024157,0.42227701226621595,1,13124.26734571505,8.189791868028752,1
35053.65060611662,0.31590811935670604,675.8558077486966,0.2509605058357075,0,25487.264411235446,1.8643273766833497,0
82416.81302806333,0.5810015362083022,688.6961114886811,0.6347124687511205,1,20452.60934240978,0.5930384073730959,0
46707.479998737384,0.5878712360174707,649.5385963053774,0.22768822382443812,1,18797.686133603882,0.5357867714102541,1
67211.83355313682,0.35558158042576893,543.6087182047535,0.3151689483538115,4,18455.936635948045,2.8465463305563468,1
32186.291400494876,0.35767732536426255,708.2228920248151,0.5049780728633988,3,23100.969152454945,3.3897483225947402,1
88774.10964718462,0.3051868440380582,645.7633069069577,0.17727943367702453,0,22151.81450854843,2.097966058269116,0
57119.44679890647,0.4827207549803343,742.938783201176,0.37810381807858656,1,14210.595625175985,6.679170272569039,0
65800.8079296707,0.3105296155599947,593.3808976416051,0.6178274367826724,1,21932.17266576307,11.466227399369481,1
106515.59583763371,0.2994395270425161,521.8180218119204,0.44222214872422605,1,16218.365680294311,1.311418389767367,1
90328.80201178807,0.4674311436397957,647.277919785354,0.6494852673647362,0,28418.487540502298,4.028172346183053,1
53868.687574258845,0.28540410856200205,753.6762150627412,0.6267204716011996,0,22684.094677328758,0.6677844717457897,1
48135.596302592814,0.3454693958661763,662.875370929284,0.4015476668843239,4,10620.734770068146,16.33084016653588,1
53489.09976960936,0.16024270621868084,634.0264160661715,0.0,3,31314.97482615186,8.255660890679103,0
70197.96496953072,0.43450284141478,580.3722385874054,0.1788455409569387,0,1000.0,9.534416596842554,0
57895.51731498258,0.5829040327018242,790.6213173344659,0.5526668224768979,1,19461.483184683297,11.442591667607502,1
52095.11709993057,0.436547044735975,567.6317924092176,0.0899497159429426,0,10126.268693882997,2.106455863803408,1
89343.62501418084,0.5254159001056766,591.9684593897408,0.33466148228261,2,28175.262055711137,3.7297511438317485,1
57715.80216444326,0.24846774365872026,695.6027356867219,0.4676961227378065,0,16769.642457067006,13.829575107806427,0
105991.78186074639,0.37835891384338405,501.5183448090568,0.693914139152302,1,9443.431744390153,8.85274997899309,1
61814.85127504346,0.23682080907567324,751.9672532305071,0.2849960607091172,0,13134.537014462916,10.162757862761016,0
95706.36788449454,0.32266813453023885,699.9354491373884,0.2713024581833742,3,10002.479789340858,1.1385374388294398,0
67146.38845421253,0.44266537728230054,721.9384857448888,0.3895108467008999,1,12859.561150009447,0.2799953884915099,1
79259.21146498896,0.36221847357239584,694.6493609559723,0.4701825939620205,2,12699.466688773467,0.8341033756037208,0
45507.778969645515,0.1804830772878534,637.1101186034904,0.36915063452078123,0,9741.908919092617,0.9667149499702894,1
42924.81554825176,0.19219650733546959,564.9481031875662,0.6098536697771622,0,16890.446681078367,6.4676637226579565,1
69194.11910029975,0.18426032822110713,638.7939647020031,0.24017123339430563,0,17738.569143847126,11.440378885143026,0
79771.0648493063,0.4089743107927508,571.9810950597893,0.4240321866758087,0,8025.85526106823,2.582833006212359,0
60805.13004000926,0.5976673442788002,688.8924248061107,0.48904254204940384,0,3392.1186586920157,2.9093354641684863,1
34272.13329832606,0.5134949892800256,714.5423864438482,0.3199534380188287,1,17176.695165047,0.2012724669882429,0
32794.83267421346,0.12248177610247227,768.1446904958566,0.5679419873119934,4,18723.443857836737,7.774450946211023,1
31457.271956275177,0.520529112568374,679.7414112442291,0.4297917082484699,0,20111.517333728636,11.30666549045834,1
24647.557741212382,0.46236805004175763,723.9660285276149,0.5577691426304549,1,18858.220671158895,7.749303003329744,1
62189.70718894175,0.16456400653654907,626.2284210215886,0.43882082160976643,0,26009.01743015893,4.352634863231909,1
82500.8784341605,0.31361580599474026,611.7378289593444,0.4752809142974456,0,21979.475208518845,1.3952832864112161,0
59731.684261503826,0.4814626893794971,687.8937512653441,0.27352164863012896,1,33758.79737490903,6.022299874657234,0
15000.0,0.4160520213121742,619.0821701826472,0.27384565896175533,1,36704.53037783061,1.5367617264099747,1
56184.790793309025,0.1929085937134417,671.5348631062126,0.6448792959857554,1,2693.281886487004,1.331000638691997,1
56744.02006734786,0.4232890586955433,565.1046248531663,0.5271020889040665,2,1000.0,2.7268068224840962,1
101919.97500450879,0.09349992847032945,579.4697854018959,0.19540696675551966,1,14948.260915072997,3.673534119277467,0
30857.241741608876,0.3232613389091346,700.8327440814633,0.43617268493096634,2,18529.627009162254,2.671745146946943,1
52186.44794801609,0.4865548123280058,720.9352060324877,0.0,0,14468.804936959943,1.9021269509008285,0
94117.05361089128,0.35220730586855836,571.1475064826656,0.2852119672601167,0,19925.06312240432,7.456023637292715,0
68999.56682693097,0.2901274940045665,703.6491448405136,0.5922055353239812,0,13108.305472211374,2.2133731942134234,1
71266.26147032849,0.45672155045268187,607.381146157178,0.3749708822577681,0,10142.344656101137,11.135270007362513,1
62291.68874047756,0.4669702178103897,651.3204140960248,0.4235825339332063,0,11199.763981042688,1.4276769212647957,1
66598.87077314529,0.507204763144034,763.3555532632517,0.0,4,13598.821416550572,5.672121117588125,0
75552.19060557072,0.45492109141356646,714.5989787218359,0.32154927637276964,0,20904.586408421048,0.0009033950730600131,0
43810.273622144676,0.47976497527245754,713.6697590417755,0.46765444476544255,1,11592.815123339187,5.792622373033969,1
77561.171578164,0.43794902689250415,802.7032286765573,0.493057975079668,3,12977.219079583063,4.32424477778673,1
32539.939662289216,0.3818634378939766,593.6896527160162,0.5924711422668729,1,18991.517908310474,5.035559707459429,1
66567.35945663076,0.36074107997165766,571.1300020005963,0.35794844964531436,0,13608.425217183672,0.013192018984752769,0
63574.819265726546,0.32152883370831176,592.2302183817128,0.3668688374751702,0,22816.973854517728,1.6621640857842022,0
47674.13823615784,0.2045158048328329,629.6399157274708,0.13357651411802757,0,8563.456374354571,6.228365375262976,0
59546.29449348707,0.23536261894162291,461.6359508566485,0.3590956921653604,1,7045.4537047415915,3.1959594022695033,0
47549.19694668894,0.3161582621677748,633.4057410642552,0.1476849875204403,0,17132.403238128398,4.861965870115407,1
38565.97346276511,0.3789742591522915,606.434341448407,0.030425976038916613,2,17830.019235853575,3.070553723485699,1
52927.705167727116,0.5228975117605116,712.700781391824,0.18296412597788436,1,8945.283541416109,8.066462514962312,1
37920.22729256677,0.3449843326549385,678.1935503208032,0.7017369815607943,1,24405.16780929198,3.2377876552364198,1
66455.94928186496,0.47041715490531966,601.9442697784531,0.3458877596973447,1,28474.557668391582,1.6054222534176974,1
36998.29011695273,0.4795178787718545,697.1968676290323,0.4439754726046732,1,10605.020510114991,1.1755533814974921,1
74239.54045982103,0.32222638427734507,707.8610447859015,0.2973007497603888,1,25411.104709118335,23.334925540167227,1
36370.4186414236,0.42136282536442204,588.5163368166872,0.041889796109620514,0,1000.0,3.2018987407333945,1
48674.10168837987,0.3207766349930166,610.5580595694065,0.5872226249859415,2,22532.785867026174,6.593388304715556,1
47507.93183569642,0.5086563072894172,471.97094503216135,0.0,0,8995.660602101078,13.78384979815607,0
86502.93457749678,0.42630120059191184,562.7472020504572,0.28904146464166836,2,21832.508773804977,4.296122108789745,1
66605.79891233184,0.20714194943739733,590.6024351661138,0.3890770238299878,0,8271.068098303342,2.2771149377308433,1
55765.32394911211,0.36938295825846157,655.9332941284817,0.4460979286859711,1,14520.587257612433,14.536278826687921,0
69974.38882139447,0.5477734594188655,574.3693856512148,0.25470607909422605,0,9329.190824207122,3.908878321443984,0
17856.15305340624,0.3282522758543958,608.9238410360713,0.032407703389005116,1,13502.835115525435,6.204246097092164,1
59137.328207181854,0.40372580361140814,551.973545473392,0.23978134153291236,2,27809.46820251311,3.2712454932902713,1
99950.28355609525,0.4155054605286974,663.6891118825016,0.2502484024760675,3,14244.435423846156,6.92679517675095,1
62646.93012805345,0.22560525210024793,684.0571675667926,0.24538130096898395,0,29772.11136748085,2.4420346774441706,0
61358.26338338671,0.41128495390562164,682.1892278735858,0.5940117180415208,0,12299.312072350145,6.400446683443372,1
70962.56759284392,0.1827397817558449,650.9888905524208,0.15727944437217156,1,25442.352926647614,10.397609973499911,0
77912.10486628691,0.27492510723183244,526.7141602798885,0.4601958548876318,0,3620.151754410379,4.271567902706538,1
20050.666142202805,0.479086756099303,600.403706888572,0.43165940744358317,1,12994.436612352662,14.529732197118701,1
26353.470364179462,0.39281075483700295,617.4154662145212,0.5920910154943341,3,11247.230102722497,1.141067079254192,1
64205.82582172293,0.31346266307041676,617.73637496635,0.3733736256526138,2,25763.93920557999,14.760199741072718,1
45702.46876204981,0.40357532254942247,655.998497439187,0.5582261934395117,2,16296.741502252518,6.168332613948594,1
86240.50524439829,0.34278893026938423,764.0433097896815,0.3655559723811804,0,1000.0,0.04614537800970018,0
53696.51220229552,0.35150942028222,714.967697014768,0.4868785053169601,1,5829.092416935064,4.076401910255213,0
21309.38528573764,0.4288182232064165,570.9985776121044,0.09941178255055189,2,7911.364254344196,0.42731488237034404,1
34639.72166312006,0.26271587112090417,704.2722300237307,0.0,2,21538.35205878518,0.5687517227375123,1
15000.0,0.3548403686665629,701.224189413259,0.4755093707131707,4,20635.052385593932,0.37588202592160497,1
55317.48925434175,0.31252781664720164,585.5146021638748,0.48623662520784594,1,12897.203969272163,7.729950969182361,0
56232.317454712334,0.15972759504796932,717.9092738108351,0.49510046663037655,0,11160.43144467699,8.294393163780583,1
51510.74580436204,0.239545309250084,637.1698691243789,0.2950134970490642,1,20014.71768595037,2.6899949267650576,1
81577.58078059477,0.5381847736476598,537.2037207988444,0.6979444504420745,2,7093.338352976276,2.954163446558419,1
83970.39673033387,0.39616679775022806,686.4162179709714,0.3080244368525956,2,18203.68284565247,7.639275810201447,1
56592.23153287778,0.19116940383183328,667.3569458891619,0.4841758039344739,2,17607.62597809163,1.1850704789426427,1
17306.12665046288,0.16515747489819071,631.7857896651337,0.5189272450008158,1,13077.872848532646,0.2249620759727308,1
72345.63160984516,0.3365403319867299,647.003753201336,0.7437480319498222,2,17783.745755320007,1.4255282976277508,1
71107.20457017151,0.5373423839811778,592.473161688923,0.3365940760420333,1,15714.660471522791,9.804101663367375,0
66187.8314031389,0.32758902382347765,698.8104403037687,0.2693614187541694,3,18481.93646329578,2.5682735825942,1
79629.59498616232,0.5068399464084818,646.5239492392859,0.10037092311693535,0,5661.283840639344,8.259034765215029,0
36703.4380707792,0.39223169249823886,663.3159075158583,0.7104734013324947,0,19301.51386370091,15.822870934852123,1
100175.10772370278,0.4065500549415072,678.5713539543098,0.484282181409708,0,22186.209306515906,0.1719507285278821,0
40811.44493716264,0.18971353888345166,557.633150845894,0.49061222117886044,1,17246.659943951116,4.598078903603156,1
74984.45854401709,0.46250275060997087,578.4573582494359,1.0,2,19208.5109569405,7.367206180811589,1
26253.04611173297,0.3098081555271671,473.20444323070325,0.4650089482372599,0,14230.564778131662,0.9420501172855424,1
41394.70625459898,0.45357109443330895,695.1793806792325,0.13953571897999356,1,21239.3279638413,5.429480989841399,1
90327.37293450673,0.2522996021616664,553.0231981002587,0.3608192850014048,1,15456.729895858982,1.8726069427181111,0
54782.003539983,0.3712459217011895,660.6055767916522,0.20504351823026937,1,6964.411022817727,5.185410650195893,0
76798.45210265595,0.39224035447251576,679.6790579951643,0.32082632108344555,0,20741.51308418282,1.291249116962471,1
64739.107774384924,0.331516002010896,698.1882271114016,0.3194820794490786,1,3560.976267445594,11.835729762108313,0
57900.83687999655,0.3985454231703388,553.6786468931152,0.28259512178659013,0,16979.45821001868,14.399868400453109,0
87277.00649865379,0.3180323509768989,644.7870705487447,0.1213434989289206,1,12310.440049671144,0.6335445933636231,0
55266.82350696199,0.27211282963504646,783.6224336630199,0.7185003267344593,0,11863.119752067018,11.139440368881894,1
24385.23784873059,0.5426580059352757,787.1451743987453,0.4597696088876788,0,16203.921249483437,3.5287993997551315,0
43935.1981609659,0.475874343963373,728.9858475221561,0.3549055930599524,0,10034.98266427404,0.8344369977178965,1
71023.83457403388,0.25869623059421876,676.9994511055072,0.5515275659031487,1,18585.442098894826,1.2994628676869202,1
67910.18212725017,0.41821331667135353,569.5914888923699,0.49421345496987823,2,15397.576428354014,11.915633032392307,1
28658.834995291236,0.26087853743586165,707.4897300312842,0.45513814654840956,1,10678.942340114614,5.170004555747184,0
45513.14961183598,0.20783784276052109,637.3583017002527,0.5369996145533654,0,24367.256990324233,0.5251157992540235,0
48365.573015955066,0.4740571329678771,694.8422620218275,0.42678694875173134,0,16433.478272096487,4.039440702469552,1
52690.6081177155,0.1455080449223113,599.3725236118306,0.5340442913983183,1,19415.606533971368,7.002753969938026,1
32481.72822796897,0.46122270962918493,636.1653509728056,0.550622460175555,2,24916.121106460952,3.3369658969590765,1
47432.57783761043,0.319673322491233,663.131788806114,0.4325437470065606,1,24801.249750560608,1.6730153799075087,1
45427.79029480945,0.32461440763033655,669.7022473195086,0.3559211013007769,2,19058.498176993315,12.556442019813463,1
75430.66519523838,0.39917014635479475,689.4978171568198,0.7060795602907818,2,12881.39259293137,19.882591455079037,1
76182.42621980488,0.41974385743931025,603.664401238008,0.3044196920453133,0,4992.073487239521,3.447539594375833,1
57083.79083822368,0.250838818780531,542.5372438311838,0.4782627200854692,1,16446.834903358224,3.966163258895735,1
52159.20408258537,0.4361270730500076,779.9828031919835,0.48278168214781336,5,22662.0902107217,1.224162198118889,1
62798.486240782266,0.3636044645630268,849.1403335218686,0.2780884295472729,1,17480.203735752995,7.310562752131466,0
43668.4978508885,0.1992734248558354,685.7936568961903,0.23843552293770134,1,1000.0,4.5745508803281565,0
37063.35835665118,0.3296150619704313,544.0806324215912,0.32922959582602984,1,21090.43508378527,0.6889708775360202,1
41195.57582148566,0.515753481867071,588.1443906525699,0.3015566293648785,1,21520.494083430192,4.112941819904552,1
47303.736720570865,0.5511913757894835,690.7294055240775,0.10837388767222694,1,12891.444643915806,2.0082844489675775,0
36730.52400415458,0.43608181491304127,757.2892489345029,0.2697009834961449,2,21918.531726774658,1.6915451764992029,0
63241.1911812575,0.20715878141979557,552.9687492366515,0.4532445969269125,1,19395.757900753633,4.00188646721978,1
74594.31347567416,0.40887282829470656,640.0533743320879,0.6531887168297197,1,10201.452454025795,1.0311792095857077,1
28258.033984035166,0.4521033084631031,665.6745651555175,0.5108782670347267,3,23899.10781352379,10.305774016573805,1
60502.57422432067,0.43708495799824665,719.1662761028699,0.0,1,6127.661538257204,1.3156567648573783,0
55601.28409467329,0.44419451464255016,622.5119124479696,0.5282607429514655,3,14599.287302727453,7.409859478183907,1
66830.17371073605,0.3935915695097037,524.894824694246,0.2883696428208565,1,13900.983810595404,0.4720768556976023,1
59741.22463792824,0.34131051934033474,699.6958047562322,0.49061601493755264,2,9221.932934678534,6.953986834495126,1
30928.01440136738,0.2769959004915178,739.983677213699,0.3971729481578744,0,17126.557073542754,2.7528728413555337,1
34752.214022856686,0.12224773777982043,643.3926830603872,0.3614624747826345,0,24172.582297011402,1.0793885988277283,0
60588.471511699456,0.3907570120056021,682.4192073045145,0.37955285440757175,0,23734.193103029716,16.536103579793572,1
80575.61839491018,0.3723263412382626,612.0407016458344,0.395515138346044,2,20065.64950319341,2.4389023017608875,0
15716.252579139946,0.41690910113897794,582.3381764219284,0.6688809944180487,1,3128.5424518379314,2.0201424630106377,1
66914.5315960316,0.1894947568048527,732.1140544437775,0.39606796258298255,4,5648.333893860165,6.200552146580199,1
83792.44010575286,0.4274020027178072,680.9996678251568,0.6171072266362401,0,16163.183838311379,4.917996608004524,1
56939.48247587574,0.5965454113544932,689.2294879521506,0.5879811731691315,2,14760.354712415212,4.542789635986449,1
71004.04992052882,0.35941401569334935,770.169211839569,0.5334091095167306,1,11513.441207511794,10.380268453524156,0
45938.618382043955,0.34260016169521507,565.6126132545141,0.0426762359740645,0,28337.262382183824,5.5263583533197105,1
57612.676014462464,0.3870802827302841,605.8378985472463,0.6233265312323214,1,15741.02107219799,2.6223290483100277,0
27581.72963383697,0.5938804429652405,662.6346679067757,0.3084197411728824,3,18796.88918833573,4.062200545812374,1
15000.0,0.22716226859601307,604.8549409791007,0.5431454562149545,2,21915.257166639123,1.0075363488076765,1
78855.3160245055,0.3743848320072686,712.650922821796,0.2054934333519173,1,15384.709147707217,5.948021998271375,1
40300.10144551116,0.2540411093242827,635.0080623276813,0.16298519133934886,1,33137.435175386585,3.3736591789541275,1
50889.44309993139,0.2843594334986006,570.5973754002248,0.7952777473662399,0,8417.393882950077,2.38746770044545,1
32271.154934596136,0.3440491630541673,655.261734015013,0.20860338663237715,2,10757.498870741145,6.868738103068734,1
31800.605938322482,0.5116787889936271,663.627101664543,0.6292213278103496,0,8400.219972022453,15.814225963520702,1
56523.245998107675,0.5661188720826484,724.7745650317064,0.4236840642873042,0,25938.608004991125,5.902883839670537,0
45408.456117287074,0.40377705735520475,681.451272251794,0.3159759883279657,1,20614.60111953053,1.7421112075357592,1
67559.41995989397,0.30480863323718177,686.8917113087869,0.3910342231339587,1,11190.936610969851,2.546939144444111,0
69050.76837959184,0.6491286639966222,675.623334720578,0.13978110069373778,3,8952.865375316536,9.874408499043723,0
66416.99292649214,0.29869346224045756,634.9421982966455,0.39724912407815394,2,24694.233504218224,1.940831402705501,0
64772.01581856888,0.2814636902768315,592.7024707910988,0.1834519372208081,0,17531.814007372017,4.996824004736713,1
91555.36409863773,0.13700683465055277,673.1070681327501,0.3209112411372029,0,24872.925780314366,2.8493632459578775,1
38648.12461910228,0.5175309883093692,623.3500187293088,0.5850599127939152,2,14578.954544529104,0.5513384474559663,1
58901.302675941646,0.4661894710845553,785.1858096352812,0.4508381353115315,0,18580.747257035197,2.8965779877959843,0
82653.79641039178,0.6401366643339734,757.3745835818575,0.10356590022389572,3,17101.59358670802,1.5455343211694492,1
85290.79618676074,0.18325719773382487,700.6271305881287,0.570297625382774,4,10631.220659381517,3.0456943170633775,1
31564.727013108542,0.5249804968974932,680.2773551434389,0.3985800476181715,2,13990.990888336935,7.594166756003771,1
53752.891166882604,0.35841626220393524,642.9632759215058,0.2915629463181323,1,6709.876589911588,3.820602659572999,1
87162.42191734521,0.44673202601601636,549.1101014922292,0.5493352607817863,2,18458.747766090702,1.9402482306107705,1
70161.5821039813,0.15226674306746346,632.7062221342428,0.36655863260459953,0,20328.74122442802,0.19906241685479964,1
63905.260629595454,0.5261698187198356,658.1120026724205,0.16686773201885746,1,21931.128400737238,6.957486299888299,0
55646.30613130687,0.4443820101598196,668.3565179555729,0.7695619422899209,1,19665.81425219704,9.352259430828534,1
52323.98148584509,0.3453307958256539,687.5629093612661,0.39654251142180247,2,14102.529044478826,0.4720101507631209,1
65764.38126180648,0.4274135225193345,723.7064158302148,0.3837229591035566,2,25863.794515538895,5.731859507464713,1
54952.517500310336,0.25814056387493006,594.6276742645706,0.318978965653882,0,21246.159414106813,1.9291989844300286,1
59148.427579111114,0.2804671897301961,595.3539514232791,0.635993147891518,1,24719.824111599737,0.6417429382790608,1
61571.974122300744,0.29438664636495243,766.0685343794527,0.295024298371592,1,25159.006931292453,0.06458636365147177,1
46438.56943013002,0.12767265659716662,711.6785271354519,0.09100402823767906,0,14120.802412851765,9.833987979779753,1
70642.58747762877,0.45341101930440403,618.7383246293343,0.2642644676208043,1,17715.15619825266,0.14020650624982509,1
118284.89296830838,0.4929912337019079,641.423106483821,0.6653549200909585,2,20421.956284482345,1.6817581450313803,1
24460.267213478495,0.265838702028339,641.7828842660081,0.5664264322914235,0,6956.007487259025,15.400734602639881,0
66480.2504837996,0.39178436191337823,652.5259297825106,0.34899686946802777,1,7111.187793348402,0.3214026528868818,0
44796.19822762189,0.31813514304449164,687.814647379089,0.6746510283280949,1,5904.81847803446,0.25837612790912096,1
71548.051550385,0.3893928754497236,850.0,0.5495884457643765,0,14243.299380360771,1.1787524801484057,1
60931.14946655722,0.27469073105467645,665.1805248930121,0.3466821272730787,0,12666.780585518814,16.10757541338398,0
75237.09548084927,0.24398898126948368,703.0078520340201,0.3668180289797841,0,4950.305601933331,5.897873212088905,0
83510.1315301756,0.47624898632284907,515.0818635047885,0.4658635463890869,1,16045.507593890743,3.8278338190204457,1
63848.422355363626,0.3423355297850609,611.2080005776932,0.23362261006723684,1,14330.667582983853,10.758791984124368,0
82641.04576828357,0.5926530741024171,748.3052002173284,0.4009010131018702,2,23275.681190538948,1.307108695293377,0
15000.0,0.35555719577529676,682.1852313085293,0.4617026729226581,1,29090.853553927205,5.549706209774577,1
91809.04595832046,0.2388706351579409,300.0,0.06260675227829204,1,18195.15238289963,2.8557272323916347,1
67501.2430378468,0.49723290517231267,703.9218561852957,0.3621359354864204,1,10123.586350436353,1.274435579350048,0
81556.86711490364,0.42569601969752235,803.4531515703015,0.3393887629268624,2,19527.070641429484,3.983485612813693,0
35602.48510316957,0.4372247436435708,490.32739311041655,0.6056136039920645,0,15065.120463243311,7.396254578130007,1
43384.60236789328,0.4928720814641502,771.551014051641,0.03110060123779318,2,13319.123223529512,3.4115921347637608,0
62918.76588289548,0.27166444473850465,428.2435495499258,0.32369879605925783,1,8968.792151741316,2.1658344495016064,0
59659.24221325074,0.33472960292176546,725.0399156042731,0.3036490705270826,0,11750.459725445951,0.5222642546722763,0
65661.37176019979,0.3294260202214648,649.3081099190208,0.5920141927843201,2,13755.462921083208,4.456168158597882,0
81690.30321859932,0.1951104155701258,462.0023027804307,0.3912906861270215,3,20628.67474515814,1.7786634091816553,1
24695.593693943018,0.3183691819810108,685.6910261791829,0.759218929130474,1,18577.179062855063,2.190481958549046,1
79476.38143434619,0.5103655349452189,742.0671799321647,0.5324426763812773,5,27779.03300049947,2.2145783886128543,1
60165.63819915854,0.3784805724552616,679.1109603057258,0.3179554011620962,2,19720.366516925304,3.1999116526429954,0
55924.36277750904,0.18847264065860145,696.786210964769,0.4479317393117918,0,17970.064471936523,2.844840215410513,0
30577.695312302192,0.1632992706002078,617.0659110128751,0.32918623812610837,2,12856.38744169198,9.619563715327207,1
70060.9733675373,0.5497731270497925,501.08881958231825,0.5718792180980841,3,7737.759127073025,3.8171075183893355,1
15000.0,0.3391617187693844,705.3491217869652,0.1335604573417976,1,11010.745907027995,5.897890051371948,0
72967.88022477426,0.2723107753158059,789.9803135557037,0.23526080468573332,0,10101.12936066651,4.272514624434955,0
30157.88329054016,0.3171209882123596,740.3664683381967,0.49113798371098427,0,1000.0,0.17560582005163927,0
61069.15825234948,0.17272306948192012,490.96993363189233,0.6451512897447242,0,7939.577521980799,1.5587424295803292,1
57616.62325344159,0.5207714179413944,528.8084474231252,0.0,0,26215.468329561812,0.9446674384876554,1
83390.76294587768,0.30283364748967645,582.3225806562127,0.6748942431980831,1,17580.201490712952,4.032174918236765,1
56426.896619722196,0.5140881833286106,522.5619638975885,0.3719729743143988,0,12364.333012584324,14.129045876953132,1
46117.22877708669,0.3561982057336778,653.5351935644832,0.023225007612567405,3,17789.358754980145,0.7110384275199901,0
49867.946080575945,0.5215438369482127,681.4732644144418,0.0,0,1326.1683198943792,2.6761112206444504,0
85457.65537509328,0.38080333988517023,535.5797373406106,0.09412278683834407,3,16974.68401523697,3.8776353403093444,0
70725.93938361788,0.4523879195442891,712.1702767420422,0.39605902883091965,1,23942.445842032383,1.979183576840249,0
52287.40036953677,0.4362911655306004,698.0883155216011,0.3868203924382231,2,14152.188370374337,4.776841672763025,1
55271.07160070973,0.42479492795023643,606.1472700125038,0.526640086941862,0,2596.0733162600227,2.2405957754511405,1
28656.45818829106,0.39175213726192526,636.1982411212813,0.2901025644878073,0,12102.41625656312,2.7484453203661054,1
67769.48401703082,0.32205791406612977,494.01590594775746,0.17839189071076583,0,23954.833964881836,7.319353709763111,0
24803.685846090688,0.5798521629887432,623.4190274970341,0.3173827224678214,2,16810.407598283684,3.3667258709700345,1
75035.92931670912,0.2411675617884919,650.5907979304261,0.4067220573823155,1,5071.8293364450365,6.179562662714054,1
62572.43184982532,0.35051691708117916,663.4998076182552,0.4461545589910555,2,31573.404254287096,3.8148147391376224,1
107739.03599147845,0.3517863050249114,680.3101529616139,0.24216706014551884,4,6223.34038628407,1.2446386440726829,1
37997.28892551389,0.39829289040122257,669.5393394584457,0.5802893400670719,1,13299.527928707497,2.073500538070715,1
57946.75817918734,0.29846328249265985,628.8525042187464,0.27572064565519333,1,7738.297995434576,4.400109614370749,1
95965.75401846124,0.3877695566707505,672.8955954043454,0.22605652753501926,0,7747.985895604792,2.7052581453716,0
83827.79280582829,0.32973888977564403,730.1625594648199,0.29152169810634204,0,11834.942189853906,0.37479436362798524,0
46075.758968402006,0.16016569790745208,642.3601541352284,0.6149680351405215,2,19453.051118922544,4.602788582653218,1
64479.34856746896,0.3511462743508216,675.4075912665342,0.37344070941186813,1,24033.72011653721,5.607917474653869,1
60039.98712830174,0.21793216003638177,635.1063149868705,0.26109729938604564,1,12296.822795772781,1.1692577376144624,1
65639.11734788315,0.14187370850613187,598.2592866816343,0.5852215500897088,0,7928.995120705529,11.612958120797398,0
46026.3912803034,0.3664247984827262,691.8303733534084,0.8285497079897493,3,18350.475216618655,3.3277444424118396,0
58213.59194598531,0.40854600104234795,605.5819244663836,0.4419365268617896,1,18555.745052504313,0.5650999281288254,1
28038.952494465724,0.41320376505254913,680.8917520793752,0.6467684921730867,2,16682.63434887415,1.1330553742944114,1
62702.46903736164,0.41806048484236324,652.2604297208036,0.607215590114958,1,16930.17869034713,3.6263510051397767,0
69000.41346843664,0.11808931748712673,625.6852258783886,0.27887204966833345,1,14212.034875594229,0.6046364201944792,0
55451.61174712232,0.18667796865110364,623.7485734282672,0.4053268360952465,2,15687.05598189117,2.9068959217236596,0
27698.982188304246,0.5868225724176405,609.3503206067451,0.14349107405920253,0,13728.442099635004,10.382058600929948,1
79770.63725702924,0.22433494879075566,518.3359062328789,0.359011546727673,1,22491.706089259857,14.86041407136278,0
67290.50075985605,0.42330092373640266,680.6316076129353,0.2747619261748552,2,30599.21650494114,8.986690948413234,0
45479.69804598046,0.26756748540009845,668.5237460222656,0.31942280856487304,1,16257.572061950348,2.797315587308902,1
54387.99106323872,0.3595607287121077,717.9736201958794,0.2500209937239327,0,14953.994264200473,8.457633384859783,0
29986.611944363223,0.2740094957271687,607.4834478154564,0.3425806383608866,0,16791.029559830477,5.869875962954662,1
39491.79744444191,0.4173849385543573,801.6306900381334,0.5064465372529829,3,10394.547393116958,6.982090017691428,1
49243.77307285721,0.36641289407800387,619.6211241720293,0.37610161791200086,4,20354.84859773374,5.14320497199178,1
84568.41624560303,0.29620522716269193,579.9912286244244,0.027125360448922886,5,18088.2348635679,1.1686883096904253,1
47209.932182250486,0.22397934563831473,570.5052064125869,0.2507758870203028,3,12056.708543701166,5.932314742778617,1
72804.27318657517,0.3821329036991013,511.286207741627,0.09612012948834953,0,21314.467733297348,5.158125977638431,0
49233.6759427684,0.20447374411488917,772.6102313914503,0.4488120451963536,1,15132.928378417711,6.6863362909522195,1
64958.951217037495,0.40129772505450056,759.6853912614929,0.5006634728108376,4,8209.603530679371,0.7448538049416087,0
57172.08995712396,0.6651781890844279,698.0596130307806,0.45130964437083304,0,17461.23111796072,2.7440812912545716,1
77461.13200185487,0.5120204061514414,578.3128953779376,0.24251912134012255,5,16658.947523795283,0.7529782582310035,1
49303.77323562885,0.43620174642729953,794.9014145247296,0.44937078582624324,2,21722.927022774373,0.44068611944256675,0
28549.434999951183,0.3397271242710623,621.8624670782675,0.305977148846225,0,20820.82865052394,0.2555609700478303,1
32361.019372727347,0.11734968475957694,628.4779335018678,0.17235491004994952,0,14235.415685598668,10.162834611505014,0
49362.45012114485,0.19132563249197787,764.980726434886,0.5483859839417861,0,11695.391445105286,4.517311192212561,0
35018.80058643894,0.5039351427323255,702.7128467584698,0.5636055507447544,1,15012.206250404595,4.48523376908012,0
68204.24031359103,0.2552292703850264,826.0882511003674,0.5897790962167012,1,17543.162157680592,26.60007168248686,0
50684.63670283844,0.2660897482203144,669.8977808255215,0.2783302799935088,2,18386.280644355345,1.0732889588770331,0
107492.13100052864,0.3301219429179174,618.237536033702,0.6358724625386158,0,17109.885456952827,3.2150460685451328,1
25245.70809725736,0.22255444893841342,601.0556093232163,0.3012835497343865,4,14364.666395697615,3.931459042460323,1
64072.66357419603,0.20278775185380363,502.24030582474984,0.5307002643077027,1,21977.719140162568,7.058437060327942,1
37440.93952988662,0.34394311126622934,627.7123381755036,0.29781746764666495,1,10279.886741347063,2.40427493096566,1
50131.97319234643,0.24301646543935562,741.5674671061904,0.35520356725084584,1,32355.82416508376,4.000579654916302,1
62828.389466810884,0.2610777704265326,697.9067338124855,0.0,0,20341.492661076314,2.158608072070697,0
15000.0,0.25625707686235927,651.6246405248324,0.3396173571166169,0,7107.6021778099275,10.89946741141867,1
64736.52233576055,0.4126832256601362,570.4052444946936,0.4182179933570055,1,16296.60531655491,4.436577717543821,0
98058.14924548336,0.3221449171405571,668.149841441019,0.31799007652723227,1,20408.78462622492,12.297059688032837,0
50931.23403262814,0.32857136385273755,731.0250964156298,0.7512376136170279,1,12554.416261362032,4.90739690596009,1
65196.15713611019,0.421633507677066,684.4575405175988,0.16750678293494473,2,4533.991666963053,7.879034444596068,0
80498.43386250798,0.33295524701204715,663.3388135706688,0.28728375257921485,0,7726.552408807733,6.113374023210826,0
56720.929999460066,0.3166095477851392,586.2433877375036,0.21902547800282934,0,18794.65061041886,1.0270702988792781,0
48380.79622937033,0.40645404266842045,719.374545128961,0.2872446042009058,1,2717.6846920213993,1.4309508019457042,1
15000.0,0.4301837412269157,399.44761450046553,0.6062826125881411,2,4854.587997077844,1.9021248584859927,1
72819.81438789947,0.33235118005896747,680.6276567092116,0.6956063588653927,1,18757.843228537484,4.629310793319645,1
57736.631805422054,0.3596729330744626,850.0,0.2598414778162117,0,13442.155482072194,9.494709369339665,0
39746.32297223677,0.2561851724320006,529.3301290134523,0.2553984914553593,0,10129.537272766422,5.065215987525049,1
62531.93420555387,0.24671803482025692,630.6904436238907,0.16857427028121702,0,11536.874968742268,3.0847357464797867,1
48326.392863876375,0.4422977002360169,649.3671207900219,0.6612570773038606,0,4704.303310089763,1.0622201115591048,1
49431.47737768949,0.4033930475053546,612.9933748754738,0.6242008813832606,3,18391.174013184616,3.170315631152971,1
72125.82312217416,0.4046358126099891,732.9099394047183,0.37880364000224265,2,9354.195114877883,13.709579303510264,1
33232.351773523114,0.38370252184706266,687.796081148424,0.12078016073862402,1,11249.734707912903,5.153086829226217,0
80946.30572147516,0.3555443930977944,662.1840298037855,0.13866748690874958,2,17427.495956110244,1.7768714174445368,0
32046.276737631928,0.4335694268987323,713.7818048935424,0.43412589007691865,1,13203.607251820486,6.543990165956989,0
46745.97183289472,0.46221305132273405,651.3400567257394,0.5098675836892999,0,10067.426832559646,0.6641870139839517,1
98458.92388133155,0.4593473606228777,850.0,0.0,1,1073.9310269324997,5.758264522668225,0
82547.09523284844,0.3379066500864816,662.1077546925393,0.33573801789242347,0,17571.980921074704,1.078457641055373,0
61952.079849908805,0.5164391275890605,665.6225678791764,0.7236591779114768,0,15552.950773258812,0.05636461047795535,1
41189.395689975674,0.37741528180787853,513.162556034138,0.3564981586739429,4,11378.287796216388,3.733788149256145,1
49414.553866002134,0.4258851431078958,606.5239738157261,0.6979276181581249,1,7738.206261732074,6.788475550842859,1
61465.50629171393,0.38385054690018555,741.7902145439848,0.5298092257911368,1,15089.337350574673,6.915635608826878,0
60750.46464679197,0.37964080489810087,543.1634519712102,0.18314407983292846,3,18363.30232368038,9.07563752908613,1
58182.58140748074,0.2617097611699616,477.3954260558436,0.3414657413296288,0,15684.312169270128,3.3544833227427278,0
59383.34971831631,0.4341621006013791,652.585237695006,0.37426115229105944,1,26466.45864344507,2.536322226533187,1
55712.49780589772,0.6914353273889167,759.6595605979983,0.2094976863812987,0,19933.421518235198,5.522826322794736,1
31160.42528719974,0.30502459102519,653.39049829569,0.20602639543781176,3,14249.01837228171,9.507144977690993,1
49669.78515678334,0.35851936585099375,623.1100317898926,0.7013537184237122,1,20167.95129267595,0.9834387432792455,1
78292.48107973693,0.2964553682783285,501.3209649807216,0.20452787606140968,0,15340.63594873755,7.622350648965364,1
32633.314048977652,0.29143761181256783,686.1803298161755,0.6156872152817361,2,15316.349281658579,11.902656079058247,1
56208.88976921443,0.5353339373742407,702.9020087106436,0.3127031043269967,1,24074.546581177157,8.269331957292477,1
43604.921424583124,0.2692434778727042,507.46140007191195,0.3948721340233655,1,8713.594853016368,2.210517557345436,1
62227.00858796223,0.2931103431960366,740.7625958957775,0.5123688836477145,2,15163.167536384708,7.369874919885478,1
52227.33637866363,0.15950086115224382,711.2556420713687,0.28028826541906426,2,23327.970018547232,2.3376725344944633,1
89547.87329949338,0.2590865930549303,740.5852754037876,0.5135808626989067,0,17162.933907224236,1.8100625488172075,0
70131.66308380508,0.14499201284559826,696.6820073466673,0.0,2,12416.629102418552,15.705314499539075,0
33763.93668445577,0.42581656390543143,702.2946167049055,0.4879414776829274,2,3056.881642380813,4.3092740605308695,0
73424.56023227397,0.6859636666204771,691.6576718961392,0.0,0,1000.0,8.637158409371226,1
44506.96287475874,0.30599854476193733,719.4777857200957,0.3546306546603085,0,29533.268328325237,3.4194003239331727,1
48460.07257244933,0.1499890480411715,504.4993784700865,0.5708485970636983,2,17159.58274875568,3.002532445536024,1
66276.38040214244,0.45799995973156793,529.9152453102788,0.5244590612116752,2,10911.488026396164,5.512628457303781,1
50165.051605397304,0.2627690049283812,591.1193679848183,0.1403179042076118,1,17446.198223908887,7.766198834696489,1
77857.1163264591,0.5059216316664248,639.6143862661958,0.16606712078129662,3,8366.28103187655,5.462301236200238,0
44509.79876973209,0.31615651426520663,681.0509538646544,0.26226559193547305,1,12681.591058226139,3.4825143883345895,0
47621.06894817273,0.2741821173100663,675.974532258308,0.437243172471627,1,8413.417249049246,2.537104615369823,1
46872.58212903782,0.3286450933105176,739.3684649164825,0.0,2,5107.0849080484695,2.1625735540878885,0
48687.22503289922,0.4409332113123424,741.8796238864281,0.39735528483028837,1,1000.0,0.3153651374539449,1
81983.83111095626,0.3227095243093212,580.2091913364966,0.4622858747600129,2,3816.39825439816,5.756142899098286,1
72575.92587220606,0.29039303566475533,669.0860888040377,0.3433925638258033,1,22149.01434756222,4.728466766359332,1
94198.87908024143,0.3261402076425354,582.1734761822529,0.5050641936106104,3,8091.826271529779,1.508582438190471,0
105352.8840779851,0.1973773778598938,634.9402369317147,0.4447448316652408,3,18744.244782620157,3.5207277245453223,1
39385.6593613532,0.3976437922752776,675.7433095238796,0.29166914812022093,0,21696.531728916496,6.6310425685535845,1
61408.38254654578,0.13559280873861076,377.30303388226474,0.012762127948101942,0,15116.057796452204,2.559566453559097,1
36475.99366713134,0.29670542547613815,842.8995231711747,0.4266826163141646,2,12910.029513752504,14.24571936870671,0
44447.881445034654,0.4411262250596892,695.312694191798,0.20938492695400446,0,15931.160443693647,0.9277822947989058,1
47398.34979488661,0.386365793951926,602.3437379669275,0.28433147502769096,1,12083.657434331202,1.7047388305941324,0
38856.902517234514,0.42083846875836683,804.1895804184182,0.4958248435926172,1,23427.364834396412,7.588369105109802,0
38962.254542031726,0.3421945192737429,622.2055063611044,0.6834666766868702,0,28135.73711901145,7.399357834037462,0
57114.3124295949,0.49036954171826197,660.6015508662446,0.39238797531159825,2,25148.68281259669,4.924095560916032,1
35665.63163227186,0.460963903612375,611.0307351681898,0.5108129672891741,1,1000.0,4.126189562085979,1
76842.53918275266,0.4035369205097209,782.1593469954671,0.11110413176942185,2,11940.812687979203,1.0922859023123586,0
41644.929251649715,0.46130549327762516,641.6012234955296,0.44910471619900694,1,15029.113971468094,1.3264506569080436,1
116191.37940192784,0.4400508265284292,661.9587280591608,0.38801881246456754,1,18241.405722957803,3.391364265686425,0
50972.31098071209,0.29726437839837316,746.3025722420357,0.6458455161252364,1,2908.798236085664,1.6076100860617595,1
61440.352838341045,0.18873213059703994,696.8111565968861,0.2919083047942487,1,2795.8943774172403,0.5046591788523259,0
34093.17631067929,0.40044345510111484,645.6521547892743,0.35167247656752587,1,24147.528247377748,6.047727267770218,1
94121.83516255279,0.4155307076997714,738.831277788597,0.611762893426559,1,11086.164769731544,17.147981469542056,0
82390.01361605832,0.48085663893662783,850.0,0.3815932415210701,0,4588.155630827376,2.7527665494189146,1
65938.31741472225,0.23764144699456474,675.3928359039537,0.17823172374254628,1,7274.514345939275,2.610590782613997,0
33063.94902440869,0.24122827288674037,659.3408070298053,0.9103266546580246,1,17733.322503185504,3.435736542087859,1
64213.337554492406,0.4051880319569324,663.6501666895265,0.18428144733265334,3,9242.166194755524,1.0000946401146353,1
37571.3790796549,0.34145996133762957,754.8343600665214,0.38705998369009526,1,16691.37949528835,3.98399568324251,0
89247.10526946721,0.12370860673146461,602.0641811973662,0.4693376312051227,2,8148.9084607744735,5.099038467219663,0
76183.89463706345,0.39501297965050286,627.7345952230671,0.4535235018062229,1,2790.599108311857,0.9957261230719003,1
61908.780769754725,0.12770925020132542,527.0045640698687,0.3620512591987203,2,24970.66114254927,3.099379634409779,1
15000.0,0.23656921377519485,555.2905709888021,0.36304792589473844,3,17787.32937902283,8.349740650362282,1
40331.68042681939,0.5122017647432129,608.5759997841624,0.35301362674240894,2,12663.743971333186,1.0303776080593678,1
73755.22263199744,0.5689854821368538,645.5250404751662,0.1768132282817256,1,11350.467948228734,5.728530733143104,1
84257.67383446312,0.20412123578336458,791.5266660616096,0.8300438428845458,2,25254.302583526645,3.777859926369822,0
82183.39622984263,0.3104730155104767,692.879424394018,0.35600181645732465,1,19140.710318701076,0.6230223933365959,1
28159.73995517089,0.3551147027694447,577.0337191848165,0.5193861985646191,3,23027.691221450314,2.266168721322142,1
66031.04613625808,0.5637472313097881,591.7615611708708,0.33306942846367893,0,10914.151257575599,2.3013268425600195,1
80310.3043296586,0.2908557262610718,759.9798946584524,0.3290472655289033,2,15354.665781257048,1.292211711705951,0
26833.288688355096,0.2927739172360066,740.1288278903354,0.30891126746606995,1,17815.39241197572,3.940383192890601,1
59841.90969253527,0.5358470670155434,652.2519928179363,0.09003084240214987,1,11149.516234803112,0.2118444069162975,0
65476.84796616912,0.30502530167380904,614.5978827568935,0.36787577197584614,1,14331.275236974521,13.691514720278793,0
53984.7083030653,0.43666420507597487,739.9946268563714,0.318598469136114,0,10914.72762081725,2.513024963384814,0
22956.762891975966,0.17274284418650868,570.5338298620251,0.6343049018369554,2,17793.41438251552,2.955640247326834,0
53486.03779852542,0.32945207070892085,681.3624318446018,0.16065997648309693,2,5750.240853045936,1.7881193291760167,0
53453.89139489952,0.15084837940083143,831.8127192714664,0.284570564489029,0,19003.790134729406,1.042896376084831,0
57038.551909044916,0.22334794628531546,666.4284545801166,0.22031190664918357,2,17174.992412200376,7.252843072840667,1
48730.57149149861,0.45070416261827156,587.9512416590717,0.6885060788023618,2,13576.840300448746,3.1912108699634363,1
51139.756935170655,0.34401135306959446,682.829496213723,0.22611831102906577,1,18146.620019564587,1.83415269003499,0
59205.87435306044,0.31170731113364303,612.3993024787721,0.5124599689452274,3,12445.41675386916,12.926914863998903,1
68849.09209939423,0.2601500451222899,538.4707324997269,0.594032294681196,1,10309.084810708991,6.165755596281423,1
53911.46474286666,0.32352127121104607,706.0828821497686,0.37077541771691835,0,18806.083083520745,2.568970941951835,1
51807.02143263996,0.3861335800520832,739.4267520439778,0.12463779981190631,0,19109.098036080606,9.231910679370573,0
61847.08076508916,0.4679499447754114,625.1274662341942,0.12716922824726196,0,11449.10832833676,6.110630906341077,1
21581.68148209637,0.0349823979083837,619.8211460722981,0.571952812959216,1,10848.633954298592,3.611822670025602,1
69540.70254452917,0.25018865908846283,573.0747687102537,0.14788119624002855,0,13719.185613676804,9.020750461565788,0
59988.738057540824,0.36909154906268066,638.0051519625947,0.4784053222119825,1,11135.960430301877,3.3155253131684317,1
60793.87053195124,0.33813642608452565,605.0105293661447,0.42286982196411926,0,25675.83376917588,1.957898301038392,1
79214.68615188928,0.39840514910320696,569.1173850637396,0.47542649686220545,0,17215.32999935945,7.23071495446582,1
20943.689399035036,0.38210483433518644,801.3735064319685,0.49431696156917754,0,15102.201634830504,2.2690423188889906,0
20523.32260282073,0.3134158564407911,687.3194253399606,0.21326584311641966,3,8470.925184176798,5.196481765848696,1
65476.07690647039,0.28677761648153877,695.7916086423481,0.20489436419705176,2,20172.926129256484,6.346404292146862,1
59857.662897429684,0.32053982123173985,720.6719655145941,0.5429854268200806,1,10718.765700389093,26.5763326719968,0
63403.53886383864,0.4878490819787291,711.6828973407844,0.2741310778871207,1,10430.768822432721,10.396915369286202,0
50757.45849655109,0.26215904805131424,616.9512037762628,0.0,0,20408.302641536102,0.6770669267674099,0
73287.07348479863,0.34246319322272534,671.8042098377174,0.529751059576773,1,17711.259046943283,0.4832101020063035,1
78652.77685982239,0.3720010656798105,628.4775612591471,0.19274774238624637,2,1000.0,8.33410732895532,0
69679.64587903055,0.537242111584935,685.0770899821327,0.4934271755810507,0,13895.604653649836,2.3511787088966387,0
54783.430831908336,0.31396300901164237,677.3352708766531,0.6785643698633939,1,15878.63734383334,0.08596049030616815,0
17846.21224771194,0.4650567987213153,619.3871791308638,0.40335249145238955,3,12622.82690953188,5.531197456671768,1
75384.72416074257,0.4978375283918026,543.656102166256,0.5991531663327062,2,16122.545659828635,7.410068038103318,1
84434.57332435186,0.3423494882011222,661.6989645572406,0.43075953610724044,0,2332.183979636924,0.9332416701836576,0
72891.1682396796,0.32471372251078845,633.658440975416,0.7174858656282295,0,1000.0,4.154833581760679,1
42407.151452649865,0.31051355935421404,498.77022018329933,0.1875785782485788,2,8171.722331408104,7.104413952434556,1
73475.88787335515,0.3193012238908901,690.6129415110975,0.3983570039167021,2,16975.72985237005,1.1010277064742282,0
77210.5941592289,0.4525087832692199,727.2273689794221,0.5346323210082935,0,1000.0,0.6169370222061012,0
91176.32495598172,0.37772119727066167,850.0,0.3619176485979909,3,9095.17752932345,1.2430562669460352,0
42477.80151544085,0.3782347651003843,618.7041997343471,0.630443799330534,3,1540.6732156042926,5.891226066680955,0
55470.90830911723,0.2149731787544198,606.9030482760746,0.3135920920978439,3,13301.630792280566,0.13462953910056452,0
74945.4410228691,0.23390119071497184,561.2463175648606,0.8138742303257778,2,28705.294805690948,3.8865977697220577,0
61148.201428763154,0.6072136189732376,666.6913525189606,0.8244395008544491,1,13479.768037351289,2.4813995519387637,1
37653.4479589745,0.3286609129653572,666.1854544446684,0.45641439924545996,0,14247.480082683924,3.381377737039919,1
68292.32570053406,0.25702736053059677,585.0962932170601,0.5105202360709233,1,20874.616585517626,0.8741830199354507,1
71573.23267630333,0.5217318998707157,636.0056094396928,0.6383342871249276,0,15149.145904674015,2.192898977881602,0
61759.25792662004,0.3838170258420262,491.70674664885144,0.16256052020652667,2,13495.057608674624,3.1184275908697687,1
64391.69854359888,0.41937859002374256,724.1101398266597,0.13759999708444187,1,21486.521469015028,0.19821595947322954,1
54825.88196628539,0.33343435096621593,588.3456592262266,0.651283782771527,1,18303.21005358264,0.42193247798134714,1
89565.5787143212,0.31175922913078347,647.2274918869616,0.4547976945745999,1,17020.38033096517,14.821797347576908,0
41986.15632574647,0.32964963530032515,535.8645262961777,0.3546989508040421,1,14028.538932027743,0.11900414707387955,1
48253.58474472442,0.18407141956416478,603.4117120430741,0.40222466057623224,1,12577.547066910554,8.792704492373254,0
60219.71027055051,0.33944871086961226,627.6327077185978,0.0,0,21420.196196621637,4.853414995837817,1
77579.08055401786,0.38552396924511406,649.0967322431336,0.3618875371085998,0,12644.76166084579,0.05049309587025521,1
30052.536598109265,0.5720555880612505,688.378601241801,0.24939065216135528,1,23618.77015549209,1.246744250279095,1
33794.06500469122,0.36031988780062585,765.1260066788976,0.5836143267230165,0,7669.975435975023,12.389225019751128,0
19245.429845305647,0.06989875493476339,708.6168754215485,0.5990061556768013,0,25036.487681540446,0.11466106348515781,0
60653.90450506542,0.33872174806584543,726.9731634516996,0.5153360468259821,3,18304.280581618925,4.980271073699077,1
37633.883655869126,0.6787404959729967,765.6883287954511,0.47909172975982833,2,8220.255538635956,4.854572319940374,0
52308.997799641664,0.45396394819820474,695.5766305218158,0.10053065025594643,2,18562.850441866143,8.376849807210075,0
73227.56379783415,0.25269332674296935,647.0634243504803,0.5181286159993749,1,10447.87971177904,5.736965823978029,0
47169.14558434307,0.4209327817316668,730.7289525004044,0.5258795891046768,3,15233.996380432329,6.551226598421459,1
64625.640454867294,0.26095838901323115,735.8407428769325,0.6490385307537461,2,11593.610039983241,3.040246491579376,1
54013.24184496556,0.18754309765437707,701.8852670372828,0.8236419624860395,4,14069.61485106845,2.543876745405757,1
73442.28630192873,0.3081956764119113,533.6297922371118,0.06148786528567829,0,21590.015556669066,4.820462058868859,0
69502.56134696018,0.3609831727086633,582.6831877524282,0.32230463487635735,0,18629.581565026805,2.2076835957361647,1
46161.3260765078,0.1253413397079925,628.0116716775613,0.2515466725684711,0,7122.442257616451,3.074836918735817,0
56626.964931990944,0.21210088513536368,712.369681658872,0.4345014376770149,2,7523.3249083909295,4.150215027742817,0
80874.86795440988,0.35124026758188254,648.2922864743553,0.40268037164360776,1,16895.429271857334,1.6576275385283226,0
67867.53740508194,0.3010192188813255,740.9494906760451,0.3531835853839709,1,17402.309888270436,3.9073321680474815,0
32060.758844977372,0.39737735253753087,755.2189302995425,0.6055208722802348,1,10278.885144290314,1.2939664971066982,1
73112.36122342765,0.2042398007229726,745.9336374941765,0.17971715776384328,2,26139.20838087426,0.5258988856666057,1
38307.787551275236,0.435693649826396,746.443245158423,0.1917757065214788,2,20694.464560887172,1.7966956909929381,0
88250.26139922012,0.20794890835277657,567.0404876273026,0.19515494578039158,2,10620.965442306442,0.5164186284533054,0
80481.9767968205,0.5471281162325156,688.6108399564621,0.3279344825148026,2,9944.212789288049,0.8751721994075162,1
65797.70951836802,0.144109005874602,601.3976767235667,0.15428195681763077,0,13405.30750400727,8.636712962399235,0
63144.65686872387,0.21889348755399046,518.0746934912642,0.3902857022401459,1,12677.019122480882,3.4707928761510427,0
55819.3548794516,0.4000844963638195,627.0023094355331,0.36690196107382667,0,23793.10245612244,0.19820422528143372,0
73570.47902800055,0.5497079901797166,755.9789572501801,0.24269697720018402,1,21891.660810964207,20.25097042306871,1
52584.43661075877,0.38780516433394047,686.859360809477,0.5747532508112392,0,15245.486594509734,0.7894746919536798,0
64711.39741279788,0.41754295042188694,811.4247497284714,0.38809989434265263,1,19745.338926224504,2.2597908441943315,0
77438.68733038902,0.352104428200767,664.178411621449,0.6125294728063608,2,20760.826584411843,0.6777105316454562,1
48763.86912948821,0.2268321855061768,845.8242202874326,0.3609900297591136,0,15407.82509786574,4.839651044015552,0
47676.14520018611,0.2911833982112745,664.2016980413641,0.3951610223537291,1,17818.33075558363,3.9877057810175227,1
36112.690385510825,0.2045708336022468,651.7984236922989,0.28744351906365784,2,19159.31287864597,5.059351445840969,0
38710.545077476556,0.1965548038667754,547.6487929662803,0.39859069189290314,2,18413.240065542188,2.4850329923675076,1
23432.09377116995,0.3982098703183695,738.8450192234214,0.5424462612264094,2,9548.373200669463,20.060844825884075,1
74596.5757803106,0.21521864214944458,609.8299896847617,0.3177331535459404,0,10256.031698577564,12.894302630545711,0
96178.29084165541,0.38834648080680334,598.2361888473018,0.5036823925069329,0,12979.837368197648,9.764164373837076,0
88506.5788694061,0.19378126973346826,752.4984451010057,0.23745060779085178,1,10053.350046671778,0.47819156618907066,0
27478.310227469672,0.38556596241401053,742.6578135036766,0.551810113104442,2,4688.295991550431,5.708168592037893,1
74497.093431124,0.2913580917244445,740.5641093768543,0.28401883453761456,1,19731.663726643284,13.508555563395241,0
88442.12699847113,0.5187938640380774,621.0247092756015,0.5703359746458101,2,17424.85688808301,7.653119649658313,1
50863.80038522672,0.38884626746948775,645.9219307755799,0.412195308486733,2,5624.4339659521775,0.09789049104518525,1
62028.94861300099,0.498293947159297,645.2116481843319,0.7041907466782127,1,13313.583017907245,7.165239116323674,1
19842.13898390659,0.2593223940289769,712.6014544537918,0.16918645474915822,4,13709.99927923161,2.173122497607236,0
65334.72335953283,0.35673720082930005,774.2851734795383,0.10476464533762636,1,16273.610999569575,4.259023322882845,0
38728.80541130565,0.23226954102604658,679.4517244158726,0.27675655080488665,1,7426.542859466388,1.1670363127993197,0
63992.70035823029,0.3003673708706698,807.9912868285887,0.12307781039313737,0,5522.040348039112,0.10318340046658386,1
28775.94155622239,0.31854749327064447,721.7755534426449,0.12345302111434447,0,18638.07147223737,0.05875251285118868,0
70857.16448955191,0.26289701351754324,631.2160484708465,0.5243101520919752,0,4262.26591411964,3.324705816474059,0
80490.25350853379,0.20413965693851657,716.2969124903179,0.39916424131746836,0,13371.355548617357,0.24176341390551026,0
44336.40276569665,0.18037792116168164,786.4752222967019,0.30406380465914823,0,12717.45969969241,1.9500249422391127,1
37261.548371791316,0.06923022611511231,809.8631186673067,0.3226074805389136,2,14137.009772412503,5.490085806840341,0
16879.539149000375,0.22323842437958505,744.9513075679265,0.28055246713473214,2,16769.023348244962,6.577867910173793,1
54671.72931849646,0.4252992676006213,652.0539562926399,0.7300738335638088,1,26189.994324679843,14.445019312407892,0
48368.1213143679,0.15818017615840602,632.6645396755264,0.2528988584713927,1,3803.5545958636976,8.174223308981501,0
28979.611753038906,0.18582525844960338,696.0855602849113,0.13557322038334013,3,21136.071079129244,1.310513696240714,1
69060.37512624344,0.5649078285479497,783.9179596216837,0.5592101234972656,2,1000.0,5.98377032486929,1
51000.592362707015,0.2736204740182095,684.7015297771561,0.35684887533043586,0,24755.97804172123,4.420041681606394,1
38485.280827095354,0.3885255210997803,686.3625497495049,0.8077547377635771,1,1000.0,2.549347192091967,0
48908.55188719106,0.42707805758005934,654.1118283453674,0.294758872241173,1,32054.762466243537,8.655073236323652,1
81426.0907785923,0.42950313557375364,623.768714989503,0.5691968359513584,3,12271.625193659916,2.529245268258008,0
72058.73887510445,0.16732229232703283,637.0292394684866,0.6164394661198611,2,24032.681425411247,5.272719663055553,0
57399.478770030204,0.32227283841206117,660.8340788196424,0.2957328335595993,1,22589.092163876052,1.328536938303254,0
72382.10036929706,0.15581272765779292,787.4479996991857,0.2514158464181928,2,11944.576360869141,5.415375955280579,0
36781.76087226522,0.6435581430692388,630.8228977175359,0.548273306186181,6,12481.755472686793,3.034516523787018,1
60647.40201454061,0.15861496831812796,654.2089660729105,0.5149783835827861,1,9139.887258074068,2.436757733238601,1
62946.44660972941,0.22425917373562157,580.7697871674793,0.11787797985781467,0,20511.591165110025,3.040832298312379,0
50603.26983002546,0.22512789741901942,707.3304853178524,0.17431287273905585,0,12035.723270470724,4.16127674363409,0
68709.16671914836,0.17040074279325435,759.3343342974626,0.0,1,9267.115303644861,10.808689317894654,0
44391.330907110976,0.5123112691707854,779.9598276765405,0.5190773707957606,0,18760.932083693067,4.867488545193576,1
70196.41415552236,0.6406937481300194,666.2691619756569,0.3476345613728509,0,8719.764910159756,5.033275081624387,0
71037.17543062584,0.2929101056824859,695.9483426623389,0.36756991580494364,3,12697.123957735981,0.5346326083439481,1
15000.0,0.19154922237867078,637.715974226397,0.06171118045962937,0,15749.741054105354,8.547562162786983,1
83806.11407020235,0.08156894015287747,692.2414943755618,0.18037952938213475,1,10502.993575171124,6.762198080406306,0
15000.0,0.3207069537773478,675.1172121999372,0.3044082174864868,3,11559.159233560451,0.19762473421190513,1
47679.01948887749,0.3120361492206267,654.661150980119,0.2655348799704358,0,25744.882407976205,13.802872788061771,0
80506.96068515509,0.27184446483678265,661.0202953821704,0.42356721510352624,1,13570.353598003974,1.9348263033403457,1
53654.265494951185,0.3765650304771474,686.1537826714919,0.5166936253263628,2,12482.611281514713,0.3012759911932853,1
30676.28035060916,0.39742077713785834,626.4678052123548,0.8539225138570394,0,13774.124033518947,14.614098660379938,0
38125.258765666586,0.38876999095254805,630.6002566337573,0.3959965939938149,1,18181.18491949347,1.3058353004184908,1
80538.1149264124,0.3120650153637815,786.5889610937243,0.6230805326193891,3,7762.9542212829565,4.1094836253654385,0
21569.909389027234,0.21780538045108855,850.0,0.23400544460404507,0,17990.507803208704,5.699291379917532,0
82579.82201924035,0.4298999717368059,553.6506441172764,0.06501073700492882,3,16790.741330414687,1.6951019870427355,1
58897.95801915421,0.3515016511305836,549.2423036499154,0.32953967065797507,1,2479.4123114811773,9.123965827348608,1
36152.09339115133,0.456602902980158,573.427773775348,0.08045565642515168,2,27559.789223861335,5.25362411725358,1
48337.698553946175,0.44480906593666775,641.7369267969156,0.4029346334338207,1,25225.694925342446,4.954666538432121,1
39655.51317796718,0.17938855171434612,721.6624408829806,0.24390917509826698,0,9396.059470786138,4.82236668092332,0
77324.50401717058,0.1778933351050876,697.3002353638617,0.009145722649082866,0,7143.014236119017,3.9186344554951784,0
74648.55619525677,0.2593351137511366,663.7624909424375,0.7472050291720355,2,16596.3604791767,7.607590801613151,0
25616.777322479065,0.22324815100511983,692.314843756632,0.292487657378924,0,5018.956985180985,0.9925256572410056,0
51928.15762961332,0.4406302131171321,594.6331074697305,0.07247613941116043,0,24549.980675915787,3.010994032022856,0
42736.28675311446,0.3921571611185501,630.4701782597905,0.579634358101458,0,11720.823849733251,2.7581673318330315,1
85870.19936918741,0.4819020792542372,648.3924361299363,0.25427712749214293,1,26352.648498161718,3.1127546871135725,0
32998.01763747158,0.39757841808931016,523.2626928902517,0.6180332067381324,0,9229.17640729613,6.768750053380742,1
92084.58209370027,0.37503794982480426,557.0951836221923,0.25332113306439014,0,14214.585401032957,5.367290415298181,0
59334.10520966125,0.4939675736413004,560.2747150977873,0.2918204619474406,2,23870.48824604156,3.394939631487036,1
36761.31187239825,0.4063672807682058,711.128657894702,0.4689663418954093,2,12737.32364252819,4.141657855613794,1
46454.516319814444,0.3581721156125262,669.6283958857933,0.5186438761408221,2,16904.642202230185,7.217922709037909,1
43967.62318463099,0.5276543640716822,698.8848960059155,0.5536967474681197,3,22648.61128946609,12.283873448085476,1
34507.63195968988,0.3638217059783348,502.82760081580284,0.3820517722541342,2,11107.667844160835,1.4413268765891984,1
61896.53719460751,0.3134791274098494,531.3146651158718,0.5057233443109167,0,6167.826366166164,8.368144192999909,1
35441.688986163135,0.24946120894668203,703.0572352205196,0.5491257213846841,0,4789.025825846953,2.296503640371948,0
16392.675825236227,0.4343630550854493,427.70642866671596,0.44011382771337,2,19084.02924606512,9.894670519497394,1
52406.47058303654,0.49844606502109623,747.9703486079843,0.3714683773471408,2,17721.44870898333,5.1445529961746495,1
23942.87607164235,0.34392951182798837,504.1346285181768,0.11094101035377396,0,22431.642211567632,1.486184988690031,1
44956.782638649594,0.5069498748535806,717.4675913539983,0.5198348313559978,0,13081.686967121868,5.544954613716295,0
41817.94222793289,0.11359819616341088,578.913230019443,0.4084347398282302,1,4984.839196796202,2.614513207741771,1
42575.67855948371,0.3433455950230502,733.9122972137266,0.31727682952985853,0,1000.0,1.8417524229155544,0
100019.26203180308,0.34518861054746763,850.0,0.655553272718332,2,35075.737740461904,4.762652033464787,0
61128.23134339142,0.26276067531111835,468.14578959030996,0.11443327341733689,3,18688.46112976252,2.8622962960408938,1
64907.42017990664,0.6360633245578248,705.6301718288519,0.7288072630729773,0,15957.542292576058,0.6791467107274609,1
24472.034073154107,0.34205688407734863,505.34698291250083,0.3955453442731069,0,16950.478322196715,11.48871761298362,0
46920.73732726156,0.301072307407468,684.1415137774003,0.46350363570057973,0,4980.627362372945,3.176700854973902,0
64306.05259883024,0.35311545361202057,633.4582269158485,0.32099117709394587,2,9435.896063258675,1.2333533962584307,1
39509.421741739876,0.10966235137690045,660.3825857969474,0.06658541749533398,1,27203.310895938695,1.4546847092581365,0
78161.2568703597,0.25881584895861015,577.065097893741,0.37207802030684406,0,19608.43100096553,2.9658364514719446,0
35946.0682819794,0.4679887963334485,712.4432887597201,0.46694898137855856,0,9654.816396604447,14.667064759777146,0
54272.67728269649,0.27452655740806703,534.1313729623695,0.5352450892805188,1,6412.292703417326,4.4275650280474155,1
48278.96720048883,0.2505349804639674,749.3309810318992,0.36039336031221975,1,11390.141237388034,0.15238175540136348,0
63286.41318763832,0.507143076381728,617.2599754711854,0.0,1,12791.985469439851,0.4192641241464613,0
47190.198562891484,0.5108305281142195,537.7847458077529,0.09166773108347492,1,29344.022250926922,7.491952511559706,1
54582.12745858125,0.412038856659337,777.5949458672559,0.8104039247526589,1,13682.128368238315,1.581843705371636,0
55277.39816444029,0.2953859199153599,644.6125877752678,0.1814928032455769,0,6673.137511068911,8.358702486819343,0
45312.24485217398,0.3212634721860412,802.6108776353622,0.6854098916478417,1,14589.783454729408,1.2911781385658618,0
69701.87736994226,0.2535020046110049,747.7084903450674,0.2131826525164809,1,16850.36927864601,7.434087371896542,0
64767.76749674851,0.2306272257165626,586.1483436170852,0.36350881805442653,1,6036.1739568884,1.838193845014052,1
58227.721094936656,0.22467002140298808,643.20081592506,0.5250416519199809,3,17815.1587411683,3.475417551340878,1
51390.83333076084,0.27583347118577506,659.683035173086,0.23596111068382528,1,23462.41166590099,3.451791152496514,1
75930.88061039994,0.22583348111783058,772.1042559989152,0.7184430271518109,1,15970.698982755343,3.4028090729779654,0
55283.31512371637,0.16235538577482211,685.0014170693692,0.4151456716136822,2,9420.543937052242,5.472935600006593,0
53866.05424348125,0.37632832037046865,664.1034096877167,0.492170169259934,0,11297.90693700895,0.28607139304510765,1
62093.80059776252,0.3781514697072124,634.0096330321354,0.34647859839617484,1,3388.1481633669646,1.8365954331842018,1
93931.73365941702,0.554095131011398,645.9554371316289,0.5317440574034182,1,14063.153361282253,0.34031425921473796,1
33192.87583957592,0.26979939579743567,754.3673668542659,0.7157585479699725,2,17175.45969780939,11.87803097643766,0
75397.1378611071,0.38553207075479246,650.296428063798,0.3737428124753571,0,8723.571905941653,3.016618250008925,1
22136.576775237896,0.38752550951297615,618.400218296146,0.7459425581498473,1,28577.901057193398,6.940009163337992,1
64345.46316457248,0.31953949266493603,604.8394267509051,0.27768083832417645,0,20545.956468158038,0.9251466515624538,1
91501.65655217462,0.4393200306499611,605.6987876931071,0.552819207870342,0,2450.558627360904,0.4428101045291942,0
69773.37048934614,0.4430275024220857,537.8323203165788,0.49782286724861,1,2594.1620904470965,3.3629988975056686,1
63412.50157079586,0.38928933142370475,589.9699753338816,0.18628358546352614,2,8111.83338107327,3.3393808751693683,0
48791.01062393849,0.3193232353942645,769.8736220520259,0.4427619409274664,1,26012.297847314905,2.262813878332416,1
60620.94400977108,0.30709638697345576,633.4720591546003,0.40147318757007455,3,21236.451973866537,4.14388376316946,1
54958.743691932876,0.18586953214435287,706.3529334844878,0.22936156474463099,1,26365.985368908012,1.4114299797969374,1
44280.46784137289,0.253289866565877,451.6994785679333,0.47160048683882533,1,15071.465005939282,12.013221981204417,1
54202.4876905026,0.2753590971317974,695.4649047172703,0.42925790922170354,2,13533.574704264054,1.1467945875681194,1
63967.62321252879,0.2151233885084679,637.0917836504709,0.3854826105385567,1,6267.433597575633,5.291708972158585,0
44655.658629387195,0.40279087600251967,611.4847981687593,0.38628450618826304,0,17447.78747441757,13.0290945861491,1
43874.36358630632,0.4935953442784412,664.4767965936906,0.38199794821527616,2,13626.822831580856,1.7076966276802716,1
32795.13124815651,0.24103250812050198,610.3339796950378,0.32646007575073455,1,13357.294666626965,5.296622500624181,0
67814.50052177793,0.38401297228935644,480.0900064089315,0.4279668190029964,1,26326.355887369864,1.2636277280229369,1
70906.46523934121,0.22590666325643477,723.779835293755,0.27121715752724396,4,14115.580779948077,8.841446876107584,0
64633.20888473035,0.31340933948730054,669.4414049078555,0.931361898294,3,24316.870108333795,0.8107992067559664,1
79303.40985457331,0.2671604504986669,624.8846036201719,0.11813335090693683,1,3883.4773720017074,4.026982709426304,1
61757.35274161455,0.4222274778327729,572.7051702342051,0.2830527845531082,3,33816.78563004045,7.400060478037533,1
67840.21874731513,0.2685454191389386,532.4113987114292,0.2988515790846119,0,12387.106767712416,2.4591625756861237,1
66076.74851275126,0.47139924964479757,667.9114165654446,0.8080986828649075,3,19950.288162918183,6.349656036523247,1
58169.19961163584,0.3205135071605361,779.0752768180287,0.13597307000450015,2,21063.910383625585,17.434489072182103,0
49383.56343740705,0.2720475548486203,666.253318139283,0.485184459597222,0,11518.502887371951,1.2361018392612042,0
104283.05231583823,0.19960336851858043,539.3790715125739,0.449678813009308,1,20733.210630413378,7.7345024357696435,0
